Postcode District,Bedroom Category,Count of rents,Mean,Lower quartile,30th percentile,Median,Upper quartile
BR1,Room,-,..,..,..,..,..
BR1,Studio,10,777,750,750,813,850
BR1,One Bedroom,90,"1,055",975,"1,000","1,050","1,150"
BR1,Two Bedrooms,160,"1,275","1,150","1,175","1,273","1,400"
BR1,Three Bedrooms,60,"1,563","1,363","1,388","1,550","1,695"
BR1,Four or More Bedrooms,20,"2,470","2,000","2,000","2,275","3,050"
BR2,Room,-,..,..,..,..,..
BR2,Studio,-,..,..,..,..,..
BR2,One Bedroom,70,"1,018",925,950,"1,000","1,100"
BR2,Two Bedrooms,170,"1,311","1,200","1,223","1,300","1,400"
BR2,Three Bedrooms,60,"1,671","1,475","1,500","1,600","1,800"
BR2,Four or More Bedrooms,30,"2,417","1,700","1,850","2,000","2,700"
BR3,Room,10,554,442,442,550,700
BR3,Studio,10,790,750,750,800,850
BR3,One Bedroom,170,997,950,950,"1,000","1,033"
BR3,Two Bedrooms,200,"1,276","1,200","1,200","1,298","1,350"
BR3,Three Bedrooms,60,"1,650","1,500","1,500","1,600","1,760"
BR3,Four or More Bedrooms,20,"2,371","1,900","1,900","2,100","2,750"
BR4,Room,0,.,.,.,.,.
BR4,Studio,-,..,..,..,..,..
BR4,One Bedroom,10,919,850,885,900,950
BR4,Two Bedrooms,20,"1,181","1,100","1,150","1,150","1,250"
BR4,Three Bedrooms,10,"1,650","1,650","1,700","1,750","1,800"
BR4,Four or More Bedrooms,10,"2,211","2,100","2,100","2,150","2,250"
BR5,Room,0,.,.,.,.,.
BR5,Studio,-,..,..,..,..,..
BR5,One Bedroom,20,965,850,850,963,"1,025"
BR5,Two Bedrooms,70,"1,112","1,000","1,000","1,108","1,220"
BR5,Three Bedrooms,50,"1,447","1,300","1,350","1,400","1,560"
BR5,Four or More Bedrooms,10,"1,946","1,825","1,850","1,925","2,000"
BR6,Room,0,.,.,.,.,.
BR6,Studio,10,701,650,655,668,770
BR6,One Bedroom,60,"1,004",900,950,"1,019","1,100"
BR6,Two Bedrooms,80,"1,191","1,100","1,100","1,200","1,300"
BR6,Three Bedrooms,50,"1,564","1,475","1,500","1,560","1,700"
BR6,Four or More Bedrooms,50,"2,067","1,800","1,875","1,975","2,200"
BR7,Room,0,.,.,.,.,.
BR7,Studio,0,.,.,.,.,.
BR7,One Bedroom,20,917,875,885,900,950
BR7,Two Bedrooms,50,"1,402","1,180","1,215","1,350","1,500"
BR7,Three Bedrooms,30,"1,742","1,600","1,600","1,700","1,750"
BR7,Four or More Bedrooms,30,"2,849","1,950","2,000","2,500","3,250"
BR8,Room,0,.,.,.,.,.
BR8,Studio,0,.,.,.,.,.
BR8,One Bedroom,0,.,.,.,.,.
BR8,Two Bedrooms,0,.,.,.,.,.
BR8,Three Bedrooms,-,..,..,..,..,..
BR8,Four or More Bedrooms,0,.,.,.,.,.
CM13,Room,0,.,.,.,.,.
CM13,Studio,0,.,.,.,.,.
CM13,One Bedroom,0,.,.,.,.,.
CM13,Two Bedrooms,0,.,.,.,.,.
CM13,Three Bedrooms,0,.,.,.,.,.
CM13,Four or More Bedrooms,0,.,.,.,.,.
CM14,Room,0,.,.,.,.,.
CM14,Studio,0,.,.,.,.,.
CM14,One Bedroom,0,.,.,.,.,.
CM14,Two Bedrooms,0,.,.,.,.,.
CM14,Three Bedrooms,0,.,.,.,.,.
CM14,Four or More Bedrooms,0,.,.,.,.,.
CM22,Room,0,.,.,.,.,.
CM22,Studio,0,.,.,.,.,.
CM22,One Bedroom,0,.,.,.,.,.
CM22,Two Bedrooms,0,.,.,.,.,.
CM22,Three Bedrooms,0,.,.,.,.,.
CM22,Four or More Bedrooms,0,.,.,.,.,.
CM23,Room,0,.,.,.,.,.
CM23,Studio,0,.,.,.,.,.
CM23,One Bedroom,0,.,.,.,.,.
CM23,Two Bedrooms,0,.,.,.,.,.
CM23,Three Bedrooms,0,.,.,.,.,.
CM23,Four or More Bedrooms,0,.,.,.,.,.
CM24,Room,0,.,.,.,.,.
CM24,Studio,0,.,.,.,.,.
CM24,One Bedroom,0,.,.,.,.,.
CM24,Two Bedrooms,0,.,.,.,.,.
CM24,Three Bedrooms,0,.,.,.,.,.
CM24,Four or More Bedrooms,0,.,.,.,.,.
CR0,Room,30,523,439,441,482,560
CR0,Studio,40,805,750,775,800,850
CR0,One Bedroom,320,980,900,900,950,"1,050"
CR0,Two Bedrooms,330,"1,225","1,140","1,150","1,200","1,300"
CR0,Three Bedrooms,100,"1,412","1,300","1,325","1,400","1,500"
CR0,Four or More Bedrooms,20,"2,066","1,750","1,750","1,800","1,950"
CR2,Room,10,661,600,600,742,742
CR2,Studio,10,700,675,675,700,750
CR2,One Bedroom,50,914,850,850,900,950
CR2,Two Bedrooms,120,"1,191","1,100","1,100","1,200","1,250"
CR2,Three Bedrooms,40,"1,450","1,325","1,325","1,400","1,650"
CR2,Four or More Bedrooms,20,"1,906","1,800","1,800","1,900","2,025"
CR3,Room,0,.,.,.,.,.
CR3,Studio,0,.,.,.,.,.
CR3,One Bedroom,0,.,.,.,.,.
CR3,Two Bedrooms,-,..,..,..,..,..
CR3,Three Bedrooms,-,..,..,..,..,..
CR3,Four or More Bedrooms,0,.,.,.,.,.
CR4,Room,-,..,..,..,..,..
CR4,Studio,10,813,790,790,825,850
CR4,One Bedroom,40,983,900,925,"1,000","1,100"
CR4,Two Bedrooms,40,"1,149","1,050","1,100","1,155","1,300"
CR4,Three Bedrooms,30,"1,507","1,400","1,425","1,525","1,650"
CR4,Four or More Bedrooms,10,"1,858","1,725","1,750","1,775","2,050"
CR44,Room,0,.,.,.,.,.
CR44,Studio,0,.,.,.,.,.
CR44,One Bedroom,0,.,.,.,.,.
CR44,Two Bedrooms,0,.,.,.,.,.
CR44,Three Bedrooms,0,.,.,.,.,.
CR44,Four or More Bedrooms,0,.,.,.,.,.
CR5,Room,-,..,..,..,..,..
CR5,Studio,-,..,..,..,..,..
CR5,One Bedroom,10,943,838,850,913,"1,070"
CR5,Two Bedrooms,20,"1,237","1,150","1,150","1,250","1,300"
CR5,Three Bedrooms,10,"1,439","1,325","1,400","1,425","1,565"
CR5,Four or More Bedrooms,10,"2,095","1,873","1,895","2,000","2,200"
CR6,Room,0,.,.,.,.,.
CR6,Studio,0,.,.,.,.,.
CR6,One Bedroom,0,.,.,.,.,.
CR6,Two Bedrooms,-,..,..,..,..,..
CR6,Three Bedrooms,0,.,.,.,.,.
CR6,Four or More Bedrooms,0,.,.,.,.,.
CR7,Room,20,483,429,442,480,492
CR7,Studio,10,768,725,725,789,800
CR7,One Bedroom,20,947,875,900,925,"1,050"
CR7,Two Bedrooms,30,"1,189","1,135","1,200","1,250","1,300"
CR7,Three Bedrooms,30,"1,487","1,375","1,475","1,547","1,600"
CR7,Four or More Bedrooms,10,"1,910","1,750","1,750","1,850","1,900"
CR8,Room,10,535,517,517,517,592
CR8,Studio,20,761,700,725,800,818
CR8,One Bedroom,40,946,855,865,940,995
CR8,Two Bedrooms,70,"1,228","1,100","1,100","1,200","1,313"
CR8,Three Bedrooms,30,"1,487","1,400","1,400","1,550","1,600"
CR8,Four or More Bedrooms,30,"2,028","1,750","1,775","1,900","2,300"
CR9,Room,0,.,.,.,.,.
CR9,Studio,0,.,.,.,.,.
CR9,One Bedroom,0,.,.,.,.,.
CR9,Two Bedrooms,0,.,.,.,.,.
CR9,Three Bedrooms,0,.,.,.,.,.
CR9,Four or More Bedrooms,0,.,.,.,.,.
CR90,Room,0,.,.,.,.,.
CR90,Studio,0,.,.,.,.,.
CR90,One Bedroom,0,.,.,.,.,.
CR90,Two Bedrooms,0,.,.,.,.,.
CR90,Three Bedrooms,0,.,.,.,.,.
CR90,Four or More Bedrooms,0,.,.,.,.,.
DA1,Room,-,..,..,..,..,..
DA1,Studio,10,627,575,600,625,700
DA1,One Bedroom,60,792,700,750,780,900
DA1,Two Bedrooms,40,"1,053",950,950,"1,050","1,100"
DA1,Three Bedrooms,30,"1,179",970,995,"1,200","1,350"
DA1,Four or More Bedrooms,-,..,..,..,..,..
DA14,Room,10,393,392,392,392,392
DA14,Studio,-,..,..,..,..,..
DA14,One Bedroom,20,916,870,875,900,950
DA14,Two Bedrooms,60,"1,149","1,050","1,100","1,150","1,250"
DA14,Three Bedrooms,20,"1,331","1,275","1,275","1,298","1,450"
DA14,Four or More Bedrooms,10,"2,516","1,550","1,560","1,800","2,525"
DA15,Room,0,.,.,.,.,.
DA15,Studio,-,..,..,..,..,..
DA15,One Bedroom,20,936,850,850,950,"1,000"
DA15,Two Bedrooms,30,"1,207","1,100","1,150","1,200","1,350"
DA15,Three Bedrooms,10,"1,426","1,350","1,375","1,438","1,525"
DA15,Four or More Bedrooms,10,"1,914","1,700","1,750","1,750","2,100"
DA16,Room,0,.,.,.,.,.
DA16,Studio,-,..,..,..,..,..
DA16,One Bedroom,10,893,850,850,875,925
DA16,Two Bedrooms,20,"1,220","1,100","1,125","1,213","1,350"
DA16,Three Bedrooms,30,"1,368","1,275","1,300","1,400","1,450"
DA16,Four or More Bedrooms,10,"1,688","1,695","1,695","1,700","1,750"
DA17,Room,0,.,.,.,.,.
DA17,Studio,0,.,.,.,.,.
DA17,One Bedroom,20,865,825,850,875,925
DA17,Two Bedrooms,30,"1,088","1,000","1,000","1,100","1,175"
DA17,Three Bedrooms,10,"1,316","1,200","1,300","1,300","1,400"
DA17,Four or More Bedrooms,-,..,..,..,..,..
DA18,Room,0,.,.,.,.,.
DA18,Studio,0,.,.,.,.,.
DA18,One Bedroom,-,..,..,..,..,..
DA18,Two Bedrooms,-,..,..,..,..,..
DA18,Three Bedrooms,20,"1,135","1,080","1,131","1,141","1,200"
DA18,Four or More Bedrooms,10,"1,289","1,245","1,245","1,285","1,349"
DA5,Room,0,.,.,.,.,.
DA5,Studio,0,.,.,.,.,.
DA5,One Bedroom,10,"1,052",898,900,"1,000","1,200"
DA5,Two Bedrooms,30,"1,151","1,050","1,100","1,200","1,250"
DA5,Three Bedrooms,10,"1,506","1,450","1,450","1,500","1,550"
DA5,Four or More Bedrooms,10,"2,086","1,800","2,000","2,100","2,200"
DA6,Room,0,.,.,.,.,.
DA6,Studio,10,751,725,725,725,775
DA6,One Bedroom,20,875,850,850,900,925
DA6,Two Bedrooms,20,"1,139","1,090","1,095","1,113","1,250"
DA6,Three Bedrooms,10,"1,357","1,200","1,263","1,363","1,550"
DA6,Four or More Bedrooms,-,..,..,..,..,..
DA7,Room,0,.,.,.,.,.
DA7,Studio,-,..,..,..,..,..
DA7,One Bedroom,-,..,..,..,..,..
DA7,Two Bedrooms,40,"1,072","1,000","1,020","1,075","1,110"
DA7,Three Bedrooms,20,"1,400","1,300","1,345","1,400","1,450"
DA7,Four or More Bedrooms,10,"1,727","1,500","1,650","1,695","1,950"
DA8,Room,10,597,492,492,542,667
DA8,Studio,-,..,..,..,..,..
DA8,One Bedroom,20,776,750,750,750,825
DA8,Two Bedrooms,50,"1,055",950,990,"1,050","1,150"
DA8,Three Bedrooms,20,"1,300","1,250","1,250","1,300","1,350"
DA8,Four or More Bedrooms,10,"1,497","1,450","1,450","1,500","1,650"
E1,Room,10,626,552,567,612,692
E1,Studio,20,"1,420","1,100","1,150","1,350","1,733"
E1,One Bedroom,180,"1,668","1,402","1,473","1,590","1,737"
E1,Two Bedrooms,210,"2,111","1,700","1,736","1,898","2,383"
E1,Three Bedrooms,50,"2,404","2,050","2,150","2,300","2,512"
E1,Four or More Bedrooms,20,"2,840","2,395","2,395","2,600","3,077"
E10,Room,0,.,.,.,.,.
E10,Studio,10,739,570,600,800,925
E10,One Bedroom,60,"1,083",975,"1,000","1,100","1,150"
E10,Two Bedrooms,50,"1,322","1,200","1,225","1,300","1,400"
E10,Three Bedrooms,30,"1,675","1,500","1,500","1,585","1,850"
E10,Four or More Bedrooms,20,"2,011","1,788","1,825","2,000","2,150"
E11,Room,30,735,642,642,689,836
E11,Studio,10,782,675,675,849,850
E11,One Bedroom,100,"1,098","1,000","1,030","1,100","1,200"
E11,Two Bedrooms,150,"1,335","1,250","1,250","1,300","1,425"
E11,Three Bedrooms,50,"1,665","1,550","1,585","1,638","1,800"
E11,Four or More Bedrooms,20,"2,200","2,050","2,075","2,192","2,250"
E12,Room,-,..,..,..,..,..
E12,Studio,-,..,..,..,..,..
E12,One Bedroom,20,"1,050",925,"1,000","1,050","1,138"
E12,Two Bedrooms,40,"1,292","1,200","1,200","1,300","1,350"
E12,Three Bedrooms,40,"1,529","1,350","1,400","1,600","1,650"
E12,Four or More Bedrooms,10,"1,812","1,750","1,750","1,825","1,950"
E13,Room,10,454,412,412,432,467
E13,Studio,10,857,775,800,850,950
E13,One Bedroom,60,"1,129","1,050","1,063","1,111","1,150"
E13,Two Bedrooms,70,"1,342","1,295","1,300","1,350","1,450"
E13,Three Bedrooms,50,"1,664","1,600","1,600","1,700","1,754"
E13,Four or More Bedrooms,10,"1,946","1,800","1,800","1,900","2,000"
E14,Room,10,679,613,613,670,750
E14,Studio,70,"1,366","1,343","1,350","1,352","1,408"
E14,One Bedroom,210,"1,471","1,360","1,380","1,450","1,560"
E14,Two Bedrooms,270,"1,801","1,593","1,625","1,744","1,950"
E14,Three Bedrooms,90,"2,176","1,895","1,950","2,112","2,332"
E14,Four or More Bedrooms,10,"3,109","2,557","2,650","2,817","3,467"
E15,Room,10,711,592,592,592,613
E15,Studio,10,861,825,875,900,950
E15,One Bedroom,90,"1,207","1,100","1,100","1,200","1,300"
E15,Two Bedrooms,150,"1,502","1,400","1,400","1,500","1,600"
E15,Three Bedrooms,60,"1,804","1,625","1,650","1,760","1,900"
E15,Four or More Bedrooms,30,"2,054","1,875","1,900","2,000","2,200"
E16,Room,0,.,.,.,.,.
E16,Studio,50,"1,192","1,150","1,161","1,161","1,225"
E16,One Bedroom,140,"1,355","1,318","1,336","1,400","1,450"
E16,Two Bedrooms,210,"1,681","1,573","1,650","1,741","1,802"
E16,Three Bedrooms,80,"1,966","1,700","1,750","2,088","2,170"
E16,Four or More Bedrooms,10,"2,386","1,900","2,000","2,600","2,817"
E17,Room,-,..,..,..,..,..
E17,Studio,30,902,800,825,888,"1,000"
E17,One Bedroom,200,"1,196","1,080","1,100","1,150","1,300"
E17,Two Bedrooms,310,"1,442","1,300","1,300","1,400","1,630"
E17,Three Bedrooms,110,"1,714","1,525","1,550","1,650","1,850"
E17,Four or More Bedrooms,40,"2,004","1,800","1,800","2,000","2,300"
E18,Room,-,..,..,..,..,..
E18,Studio,-,..,..,..,..,..
E18,One Bedroom,60,"1,113","1,050","1,050","1,100","1,200"
E18,Two Bedrooms,100,"1,359","1,250","1,275","1,350","1,460"
E18,Three Bedrooms,30,"1,639","1,475","1,500","1,665","1,800"
E18,Four or More Bedrooms,10,"2,560","2,200","2,225","2,450","2,550"
E1W,Room,0,.,.,.,.,.
E1W,Studio,20,"1,250","1,165","1,192","1,257","1,300"
E1W,One Bedroom,60,"1,517","1,358","1,400","1,495","1,625"
E1W,Two Bedrooms,70,"1,944","1,647","1,668","1,857","2,238"
E1W,Three Bedrooms,20,"3,576","2,297","2,297","2,708","4,117"
E1W,Four or More Bedrooms,10,"3,517","3,098","3,098","3,207","3,467"
E2,Room,10,700,642,647,654,842
E2,Studio,10,"1,360","1,150","1,183","1,278","1,430"
E2,One Bedroom,60,"1,616","1,402","1,450","1,650","1,777"
E2,Two Bedrooms,110,"1,982","1,750","1,800","1,989","2,151"
E2,Three Bedrooms,40,"2,542","2,200","2,300","2,482","2,850"
E2,Four or More Bedrooms,40,"3,367","3,100","3,250","3,514","3,683"
E20,Room,0,.,.,.,.,.
E20,Studio,0,.,.,.,.,.
E20,One Bedroom,10,"1,700","1,575","1,575","1,750","1,775"
E20,Two Bedrooms,10,"1,860","1,800","1,800","1,800","1,850"
E20,Three Bedrooms,-,..,..,..,..,..
E20,Four or More Bedrooms,0,.,.,.,.,.
E3,Room,10,588,452,592,592,702
E3,Studio,10,"1,108","1,050","1,050","1,127","1,150"
E3,One Bedroom,90,"1,331","1,300","1,300","1,338","1,375"
E3,Two Bedrooms,120,"1,648","1,500","1,500","1,623","1,700"
E3,Three Bedrooms,50,"2,168","1,950","1,975","2,180","2,300"
E3,Four or More Bedrooms,20,"2,784","2,383","2,400","2,600","3,250"
E4,Room,-,..,..,..,..,..
E4,Studio,-,..,..,..,..,..
E4,One Bedroom,70,977,900,900,950,"1,025"
E4,Two Bedrooms,80,"1,206","1,125","1,150","1,200","1,280"
E4,Three Bedrooms,50,"1,508","1,425","1,450","1,500","1,600"
E4,Four or More Bedrooms,10,"1,860","1,700","1,700","1,850","1,950"
E5,Room,0,.,.,.,.,.
E5,Studio,20,934,850,850,997,"1,000"
E5,One Bedroom,60,"1,345","1,250","1,250","1,305","1,450"
E5,Two Bedrooms,50,"1,609","1,473","1,495","1,600","1,725"
E5,Three Bedrooms,30,"2,072","1,750","1,900","2,025","2,300"
E5,Four or More Bedrooms,20,"2,886","2,700","2,800","2,900","3,000"
E6,Room,-,..,..,..,..,..
E6,Studio,-,..,..,..,..,..
E6,One Bedroom,50,"1,066","1,000","1,000","1,100","1,130"
E6,Two Bedrooms,60,"1,265","1,200","1,250","1,300","1,350"
E6,Three Bedrooms,50,"1,599","1,500","1,525","1,600","1,675"
E6,Four or More Bedrooms,20,"1,972","1,800","1,850","1,925","2,050"
E7,Room,10,"1,159",679,692,804,"1,668"
E7,Studio,0,.,.,.,.,.
E7,One Bedroom,30,"1,070","1,000","1,000","1,050","1,150"
E7,Two Bedrooms,40,"1,322","1,250","1,250","1,300","1,400"
E7,Three Bedrooms,40,"1,618","1,500","1,500","1,625","1,750"
E7,Four or More Bedrooms,20,"2,036","1,850","1,850","2,000","2,100"
E77,Room,0,.,.,.,.,.
E77,Studio,0,.,.,.,.,.
E77,One Bedroom,0,.,.,.,.,.
E77,Two Bedrooms,0,.,.,.,.,.
E77,Three Bedrooms,0,.,.,.,.,.
E77,Four or More Bedrooms,0,.,.,.,.,.
E8,Room,0,.,.,.,.,.
E8,Studio,10,"1,009",980,"1,000","1,045","1,100"
E8,One Bedroom,100,"1,601","1,450","1,475","1,603","1,709"
E8,Two Bedrooms,160,"1,739","1,426","1,495","1,675","2,047"
E8,Three Bedrooms,50,"2,472","2,150","2,230","2,598","2,778"
E8,Four or More Bedrooms,30,"3,103","2,747","2,990","3,328","3,550"
E9,Room,0,.,.,.,.,.
E9,Studio,-,..,..,..,..,..
E9,One Bedroom,50,"1,328","1,250","1,250","1,300","1,400"
E9,Two Bedrooms,80,"1,652","1,500","1,500","1,600","1,750"
E9,Three Bedrooms,30,"1,994","1,800","1,800","2,000","2,190"
E9,Four or More Bedrooms,10,"2,990","2,700","2,700","2,867","3,079"
E98,Room,0,.,.,.,.,.
E98,Studio,0,.,.,.,.,.
E98,One Bedroom,0,.,.,.,.,.
E98,Two Bedrooms,0,.,.,.,.,.
E98,Three Bedrooms,0,.,.,.,.,.
E98,Four or More Bedrooms,0,.,.,.,.,.
EC1A,Room,0,.,.,.,.,.
EC1A,Studio,-,..,..,..,..,..
EC1A,One Bedroom,-,..,..,..,..,..
EC1A,Two Bedrooms,0,.,.,.,.,.
EC1A,Three Bedrooms,0,.,.,.,.,.
EC1A,Four or More Bedrooms,0,.,.,.,.,.
EC1M,Room,0,.,.,.,.,.
EC1M,Studio,0,.,.,.,.,.
EC1M,One Bedroom,-,..,..,..,..,..
EC1M,Two Bedrooms,-,..,..,..,..,..
EC1M,Three Bedrooms,0,.,.,.,.,.
EC1M,Four or More Bedrooms,0,.,.,.,.,.
EC1N,Room,0,.,.,.,.,.
EC1N,Studio,0,.,.,.,.,.
EC1N,One Bedroom,-,..,..,..,..,..
EC1N,Two Bedrooms,-,..,..,..,..,..
EC1N,Three Bedrooms,0,.,.,.,.,.
EC1N,Four or More Bedrooms,0,.,.,.,.,.
EC1P,Room,0,.,.,.,.,.
EC1P,Studio,0,.,.,.,.,.
EC1P,One Bedroom,0,.,.,.,.,.
EC1P,Two Bedrooms,0,.,.,.,.,.
EC1P,Three Bedrooms,0,.,.,.,.,.
EC1P,Four or More Bedrooms,0,.,.,.,.,.
EC1R,Room,-,..,..,..,..,..
EC1R,Studio,0,.,.,.,.,.
EC1R,One Bedroom,-,..,..,..,..,..
EC1R,Two Bedrooms,-,..,..,..,..,..
EC1R,Three Bedrooms,0,.,.,.,.,.
EC1R,Four or More Bedrooms,0,.,.,.,.,.
EC1V,Room,-,..,..,..,..,..
EC1V,Studio,-,..,..,..,..,..
EC1V,One Bedroom,10,"1,666","1,380","1,700","1,712","1,850"
EC1V,Two Bedrooms,10,"2,220","1,842","1,896","2,050","2,800"
EC1V,Three Bedrooms,-,..,..,..,..,..
EC1V,Four or More Bedrooms,0,.,.,.,.,.
EC1Y,Room,0,.,.,.,.,.
EC1Y,Studio,-,..,..,..,..,..
EC1Y,One Bedroom,0,.,.,.,.,.
EC1Y,Two Bedrooms,-,..,..,..,..,..
EC1Y,Three Bedrooms,0,.,.,.,.,.
EC1Y,Four or More Bedrooms,0,.,.,.,.,.
EC2A,Room,-,..,..,..,..,..
EC2A,Studio,-,..,..,..,..,..
EC2A,One Bedroom,-,..,..,..,..,..
EC2A,Two Bedrooms,10,"2,459","1,850","1,928","2,450","2,800"
EC2A,Three Bedrooms,0,.,.,.,.,.
EC2A,Four or More Bedrooms,-,..,..,..,..,..
EC2M,Room,0,.,.,.,.,.
EC2M,Studio,0,.,.,.,.,.
EC2M,One Bedroom,0,.,.,.,.,.
EC2M,Two Bedrooms,0,.,.,.,.,.
EC2M,Three Bedrooms,0,.,.,.,.,.
EC2M,Four or More Bedrooms,0,.,.,.,.,.
EC2N,Room,0,.,.,.,.,.
EC2N,Studio,0,.,.,.,.,.
EC2N,One Bedroom,0,.,.,.,.,.
EC2N,Two Bedrooms,0,.,.,.,.,.
EC2N,Three Bedrooms,0,.,.,.,.,.
EC2N,Four or More Bedrooms,0,.,.,.,.,.
EC2P,Room,0,.,.,.,.,.
EC2P,Studio,0,.,.,.,.,.
EC2P,One Bedroom,0,.,.,.,.,.
EC2P,Two Bedrooms,0,.,.,.,.,.
EC2P,Three Bedrooms,0,.,.,.,.,.
EC2P,Four or More Bedrooms,0,.,.,.,.,.
EC2R,Room,0,.,.,.,.,.
EC2R,Studio,0,.,.,.,.,.
EC2R,One Bedroom,0,.,.,.,.,.
EC2R,Two Bedrooms,0,.,.,.,.,.
EC2R,Three Bedrooms,0,.,.,.,.,.
EC2R,Four or More Bedrooms,0,.,.,.,.,.
EC2V,Room,0,.,.,.,.,.
EC2V,Studio,0,.,.,.,.,.
EC2V,One Bedroom,0,.,.,.,.,.
EC2V,Two Bedrooms,0,.,.,.,.,.
EC2V,Three Bedrooms,0,.,.,.,.,.
EC2V,Four or More Bedrooms,0,.,.,.,.,.
EC2Y,Room,0,.,.,.,.,.
EC2Y,Studio,-,..,..,..,..,..
EC2Y,One Bedroom,-,..,..,..,..,..
EC2Y,Two Bedrooms,-,..,..,..,..,..
EC2Y,Three Bedrooms,-,..,..,..,..,..
EC2Y,Four or More Bedrooms,0,.,.,.,.,.
EC3A,Room,0,.,.,.,.,.
EC3A,Studio,0,.,.,.,.,.
EC3A,One Bedroom,0,.,.,.,.,.
EC3A,Two Bedrooms,0,.,.,.,.,.
EC3A,Three Bedrooms,0,.,.,.,.,.
EC3A,Four or More Bedrooms,0,.,.,.,.,.
EC3B,Room,0,.,.,.,.,.
EC3B,Studio,0,.,.,.,.,.
EC3B,One Bedroom,0,.,.,.,.,.
EC3B,Two Bedrooms,0,.,.,.,.,.
EC3B,Three Bedrooms,0,.,.,.,.,.
EC3B,Four or More Bedrooms,0,.,.,.,.,.
EC3M,Room,0,.,.,.,.,.
EC3M,Studio,0,.,.,.,.,.
EC3M,One Bedroom,0,.,.,.,.,.
EC3M,Two Bedrooms,0,.,.,.,.,.
EC3M,Three Bedrooms,0,.,.,.,.,.
EC3M,Four or More Bedrooms,0,.,.,.,.,.
EC3N,Room,0,.,.,.,.,.
EC3N,Studio,0,.,.,.,.,.
EC3N,One Bedroom,0,.,.,.,.,.
EC3N,Two Bedrooms,-,..,..,..,..,..
EC3N,Three Bedrooms,0,.,.,.,.,.
EC3N,Four or More Bedrooms,0,.,.,.,.,.
EC3P,Room,0,.,.,.,.,.
EC3P,Studio,0,.,.,.,.,.
EC3P,One Bedroom,0,.,.,.,.,.
EC3P,Two Bedrooms,0,.,.,.,.,.
EC3P,Three Bedrooms,0,.,.,.,.,.
EC3P,Four or More Bedrooms,0,.,.,.,.,.
EC3R,Room,0,.,.,.,.,.
EC3R,Studio,0,.,.,.,.,.
EC3R,One Bedroom,0,.,.,.,.,.
EC3R,Two Bedrooms,0,.,.,.,.,.
EC3R,Three Bedrooms,0,.,.,.,.,.
EC3R,Four or More Bedrooms,0,.,.,.,.,.
EC3V,Room,0,.,.,.,.,.
EC3V,Studio,0,.,.,.,.,.
EC3V,One Bedroom,0,.,.,.,.,.
EC3V,Two Bedrooms,0,.,.,.,.,.
EC3V,Three Bedrooms,0,.,.,.,.,.
EC3V,Four or More Bedrooms,0,.,.,.,.,.
EC4A,Room,0,.,.,.,.,.
EC4A,Studio,0,.,.,.,.,.
EC4A,One Bedroom,-,..,..,..,..,..
EC4A,Two Bedrooms,0,.,.,.,.,.
EC4A,Three Bedrooms,0,.,.,.,.,.
EC4A,Four or More Bedrooms,0,.,.,.,.,.
EC4M,Room,0,.,.,.,.,.
EC4M,Studio,0,.,.,.,.,.
EC4M,One Bedroom,0,.,.,.,.,.
EC4M,Two Bedrooms,0,.,.,.,.,.
EC4M,Three Bedrooms,0,.,.,.,.,.
EC4M,Four or More Bedrooms,0,.,.,.,.,.
EC4N,Room,0,.,.,.,.,.
EC4N,Studio,0,.,.,.,.,.
EC4N,One Bedroom,0,.,.,.,.,.
EC4N,Two Bedrooms,0,.,.,.,.,.
EC4N,Three Bedrooms,0,.,.,.,.,.
EC4N,Four or More Bedrooms,0,.,.,.,.,.
EC4P,Room,0,.,.,.,.,.
EC4P,Studio,0,.,.,.,.,.
EC4P,One Bedroom,0,.,.,.,.,.
EC4P,Two Bedrooms,0,.,.,.,.,.
EC4P,Three Bedrooms,0,.,.,.,.,.
EC4P,Four or More Bedrooms,0,.,.,.,.,.
EC4R,Room,0,.,.,.,.,.
EC4R,Studio,0,.,.,.,.,.
EC4R,One Bedroom,0,.,.,.,.,.
EC4R,Two Bedrooms,0,.,.,.,.,.
EC4R,Three Bedrooms,0,.,.,.,.,.
EC4R,Four or More Bedrooms,0,.,.,.,.,.
EC4V,Room,0,.,.,.,.,.
EC4V,Studio,0,.,.,.,.,.
EC4V,One Bedroom,-,..,..,..,..,..
EC4V,Two Bedrooms,0,.,.,.,.,.
EC4V,Three Bedrooms,0,.,.,.,.,.
EC4V,Four or More Bedrooms,0,.,.,.,.,.
EC4Y,Room,0,.,.,.,.,.
EC4Y,Studio,0,.,.,.,.,.
EC4Y,One Bedroom,0,.,.,.,.,.
EC4Y,Two Bedrooms,-,..,..,..,..,..
EC4Y,Three Bedrooms,0,.,.,.,.,.
EC4Y,Four or More Bedrooms,0,.,.,.,.,.
EC50,Room,0,.,.,.,.,.
EC50,Studio,0,.,.,.,.,.
EC50,One Bedroom,0,.,.,.,.,.
EC50,Two Bedrooms,0,.,.,.,.,.
EC50,Three Bedrooms,0,.,.,.,.,.
EC50,Four or More Bedrooms,0,.,.,.,.,.
EC88,Room,0,.,.,.,.,.
EC88,Studio,0,.,.,.,.,.
EC88,One Bedroom,0,.,.,.,.,.
EC88,Two Bedrooms,0,.,.,.,.,.
EC88,Three Bedrooms,0,.,.,.,.,.
EC88,Four or More Bedrooms,0,.,.,.,.,.
EN1,Room,-,..,..,..,..,..
EN1,Studio,10,809,775,800,830,850
EN1,One Bedroom,70,967,900,925,950,"1,050"
EN1,Two Bedrooms,80,"1,272","1,200","1,200","1,275","1,350"
EN1,Three Bedrooms,30,"1,545","1,425","1,500","1,500","1,650"
EN1,Four or More Bedrooms,10,"2,081","1,800","1,800","2,200","2,225"
EN2,Room,0,.,.,.,.,.
EN2,Studio,10,776,740,740,775,775
EN2,One Bedroom,30,"1,002",950,950,"1,000","1,050"
EN2,Two Bedrooms,70,"1,337","1,250","1,250","1,300","1,425"
EN2,Three Bedrooms,30,"1,551","1,440","1,450","1,475","1,675"
EN2,Four or More Bedrooms,10,"2,083","1,650","1,725","1,950","2,200"
EN3,Room,0,.,.,.,.,.
EN3,Studio,-,..,..,..,..,..
EN3,One Bedroom,40,967,865,875,950,"1,100"
EN3,Two Bedrooms,50,"1,267","1,200","1,200","1,293","1,350"
EN3,Three Bedrooms,50,"1,503","1,400","1,450","1,500","1,600"
EN3,Four or More Bedrooms,10,"1,595","1,450","1,450","1,555","1,750"
EN4,Room,0,.,.,.,.,.
EN4,Studio,-,..,..,..,..,..
EN4,One Bedroom,20,"1,090","1,000","1,050","1,088","1,100"
EN4,Two Bedrooms,70,"1,261","1,122","1,150","1,250","1,350"
EN4,Three Bedrooms,20,"1,735","1,550","1,575","1,700","2,000"
EN4,Four or More Bedrooms,10,"2,195","1,650","1,825","2,175","2,300"
EN5,Room,0,.,.,.,.,.
EN5,Studio,10,814,758,767,798,850
EN5,One Bedroom,40,"1,049",960,995,"1,050","1,130"
EN5,Two Bedrooms,50,"1,316","1,200","1,200","1,300","1,420"
EN5,Three Bedrooms,10,"1,689","1,495","1,600","1,750","1,800"
EN5,Four or More Bedrooms,20,"2,349","1,977","2,100","2,350","2,450"
EN6,Room,0,.,.,.,.,.
EN6,Studio,0,.,.,.,.,.
EN6,One Bedroom,0,.,.,.,.,.
EN6,Two Bedrooms,0,.,.,.,.,.
EN6,Three Bedrooms,0,.,.,.,.,.
EN6,Four or More Bedrooms,0,.,.,.,.,.
EN7,Room,0,.,.,.,.,.
EN7,Studio,0,.,.,.,.,.
EN7,One Bedroom,0,.,.,.,.,.
EN7,Two Bedrooms,0,.,.,.,.,.
EN7,Three Bedrooms,0,.,.,.,.,.
EN7,Four or More Bedrooms,0,.,.,.,.,.
EN8,Room,0,.,.,.,.,.
EN8,Studio,0,.,.,.,.,.
EN8,One Bedroom,0,.,.,.,.,.
EN8,Two Bedrooms,0,.,.,.,.,.
EN8,Three Bedrooms,-,..,..,..,..,..
EN8,Four or More Bedrooms,0,.,.,.,.,.
EN9,Room,0,.,.,.,.,.
EN9,Studio,0,.,.,.,.,.
EN9,One Bedroom,0,.,.,.,.,.
EN9,Two Bedrooms,0,.,.,.,.,.
EN9,Three Bedrooms,0,.,.,.,.,.
EN9,Four or More Bedrooms,0,.,.,.,.,.
HA0,Room,-,..,..,..,..,..
HA0,Studio,10,877,850,850,900,925
HA0,One Bedroom,40,"1,127","1,050","1,050","1,100","1,200"
HA0,Two Bedrooms,50,"1,369","1,275","1,300","1,400","1,425"
HA0,Three Bedrooms,60,"1,819","1,700","1,725","1,800","1,850"
HA0,Four or More Bedrooms,10,"2,336","2,000","2,100","2,250","2,500"
HA1,Room,10,535,500,500,542,592
HA1,Studio,30,892,800,850,925,975
HA1,One Bedroom,40,"1,102","1,000","1,025","1,100","1,175"
HA1,Two Bedrooms,110,"1,333","1,250","1,275","1,333","1,400"
HA1,Three Bedrooms,20,"1,628","1,550","1,600","1,650","1,700"
HA1,Four or More Bedrooms,10,"1,791","1,500","1,500","1,790","2,050"
HA2,Room,0,.,.,.,.,.
HA2,Studio,10,761,700,700,763,800
HA2,One Bedroom,40,"1,043","1,000","1,000","1,050","1,115"
HA2,Two Bedrooms,60,"1,225","1,138","1,188","1,250","1,300"
HA2,Three Bedrooms,60,"1,577","1,500","1,500","1,563","1,650"
HA2,Four or More Bedrooms,20,"1,899","1,750","1,750","1,850","2,000"
HA3,Room,10,535,392,450,575,700
HA3,Studio,10,784,750,750,800,850
HA3,One Bedroom,50,977,900,900,975,"1,050"
HA3,Two Bedrooms,80,"1,290","1,200","1,200","1,281","1,350"
HA3,Three Bedrooms,120,"1,667","1,550","1,600","1,650","1,750"
HA3,Four or More Bedrooms,50,"2,060","1,800","1,800","1,900","2,200"
HA4,Room,20,605,492,525,557,742
HA4,Studio,-,..,..,..,..,..
HA4,One Bedroom,60,"1,033",950,970,"1,050","1,125"
HA4,Two Bedrooms,180,"1,245","1,175","1,200","1,250","1,350"
HA4,Three Bedrooms,60,"1,598","1,450","1,485","1,600","1,695"
HA4,Four or More Bedrooms,20,"2,044","1,800","1,800","1,900","2,500"
HA5,Room,-,..,..,..,..,..
HA5,Studio,-,..,..,..,..,..
HA5,One Bedroom,20,"1,027",950,975,"1,025","1,150"
HA5,Two Bedrooms,60,"1,290","1,200","1,200","1,300","1,400"
HA5,Three Bedrooms,20,"1,676","1,375","1,475","1,650","1,800"
HA5,Four or More Bedrooms,10,"2,240","1,900","2,000","2,200","2,550"
HA6,Room,0,.,.,.,.,.
HA6,Studio,10,803,695,695,813,875
HA6,One Bedroom,30,948,850,850,925,"1,025"
HA6,Two Bedrooms,40,"1,231",950,"1,100","1,250","1,425"
HA6,Three Bedrooms,10,"1,614","1,500","1,548","1,625","1,850"
HA6,Four or More Bedrooms,10,"2,706","2,450","2,450","2,550","2,900"
HA7,Room,0,.,.,.,.,.
HA7,Studio,-,..,..,..,..,..
HA7,One Bedroom,50,"1,188","1,100","1,125","1,200","1,250"
HA7,Two Bedrooms,90,"1,496","1,350","1,350","1,450","1,600"
HA7,Three Bedrooms,50,"1,786","1,650","1,675","1,750","1,863"
HA7,Four or More Bedrooms,20,"2,365","1,950","2,000","2,300","2,500"
HA8,Room,0,.,.,.,.,.
HA8,Studio,-,..,..,..,..,..
HA8,One Bedroom,20,"1,035",975,"1,000","1,050","1,195"
HA8,Two Bedrooms,50,"1,343","1,200","1,250","1,320","1,450"
HA8,Three Bedrooms,50,"1,691","1,600","1,650","1,700","1,800"
HA8,Four or More Bedrooms,20,"2,326","1,878","1,900","2,150","2,525"
HA9,Room,10,669,600,600,608,750
HA9,Studio,10,962,850,850,"1,000","1,100"
HA9,One Bedroom,30,"1,092","1,000","1,000","1,050","1,148"
HA9,Two Bedrooms,80,"1,413","1,300","1,350","1,400","1,500"
HA9,Three Bedrooms,30,"1,765","1,650","1,690","1,738","1,825"
HA9,Four or More Bedrooms,20,"2,094","1,900","1,900","1,975","2,100"
IG1,Room,10,"1,465","1,213","1,289","1,441","1,668"
IG1,Studio,10,764,651,700,750,850
IG1,One Bedroom,40,"1,007",938,950,"1,000","1,100"
IG1,Two Bedrooms,60,"1,257","1,200","1,200","1,250","1,343"
IG1,Three Bedrooms,30,"1,606","1,450","1,473","1,600","1,750"
IG1,Four or More Bedrooms,10,"2,044","1,850","1,850","1,900","2,000"
IG11,Room,10,"1,035",692,692,792,"1,365"
IG11,Studio,10,809,800,800,850,850
IG11,One Bedroom,100,"1,025",950,960,"1,019","1,100"
IG11,Two Bedrooms,100,"1,275","1,175","1,200","1,250","1,350"
IG11,Three Bedrooms,50,"1,572","1,500","1,500","1,550","1,650"
IG11,Four or More Bedrooms,10,"1,747","1,625","1,650","1,782","1,900"
IG2,Room,0,.,.,.,.,.
IG2,Studio,10,796,676,676,800,926
IG2,One Bedroom,30,"1,030",935,950,"1,050","1,125"
IG2,Two Bedrooms,40,"1,249","1,150","1,175","1,225","1,350"
IG2,Three Bedrooms,30,"1,634","1,550","1,600","1,650","1,710"
IG2,Four or More Bedrooms,10,"2,150","1,900","1,900","2,175","2,400"
IG3,Room,-,..,..,..,..,..
IG3,Studio,10,746,620,672,771,781
IG3,One Bedroom,30,936,860,875,900,"1,000"
IG3,Two Bedrooms,20,"1,228","1,195","1,200","1,200","1,250"
IG3,Three Bedrooms,20,"1,558","1,500","1,500","1,563","1,650"
IG3,Four or More Bedrooms,10,"1,998","1,850","1,850","1,950","2,200"
IG4,Room,-,..,..,..,..,..
IG4,Studio,-,..,..,..,..,..
IG4,One Bedroom,-,..,..,..,..,..
IG4,Two Bedrooms,10,"1,235","1,100","1,100","1,300","1,300"
IG4,Three Bedrooms,0,.,.,.,.,.
IG4,Four or More Bedrooms,0,.,.,.,.,.
IG5,Room,10,592,592,592,592,592
IG5,Studio,0,.,.,.,.,.
IG5,One Bedroom,-,..,..,..,..,..
IG5,Two Bedrooms,-,..,..,..,..,..
IG5,Three Bedrooms,-,..,..,..,..,..
IG5,Four or More Bedrooms,10,"1,925","1,640","1,650","1,798","2,225"
IG6,Room,-,..,..,..,..,..
IG6,Studio,-,..,..,..,..,..
IG6,One Bedroom,30,993,890,890,975,"1,075"
IG6,Two Bedrooms,40,"1,231","1,150","1,150","1,200","1,300"
IG6,Three Bedrooms,40,"1,520","1,433","1,450","1,588","1,650"
IG6,Four or More Bedrooms,10,"1,942","1,650","1,650","1,775","2,100"
IG7,Room,-,..,..,..,..,..
IG7,Studio,0,.,.,.,.,.
IG7,One Bedroom,10,965,850,850,975,"1,050"
IG7,Two Bedrooms,10,"1,339","1,295","1,300","1,375","1,430"
IG7,Three Bedrooms,10,"1,473","1,400","1,400","1,475","1,600"
IG7,Four or More Bedrooms,-,..,..,..,..,..
IG8,Room,-,..,..,..,..,..
IG8,Studio,-,..,..,..,..,..
IG8,One Bedroom,20,"1,042",950,"1,000","1,100","1,100"
IG8,Two Bedrooms,60,"1,334","1,200","1,225","1,287","1,400"
IG8,Three Bedrooms,50,"1,589","1,450","1,500","1,600","1,650"
IG8,Four or More Bedrooms,20,"1,967","1,780","1,800","1,900","2,100"
IG9,Room,0,.,.,.,.,.
IG9,Studio,0,.,.,.,.,.
IG9,One Bedroom,-,..,..,..,..,..
IG9,Two Bedrooms,-,..,..,..,..,..
IG9,Three Bedrooms,0,.,.,.,.,.
IG9,Four or More Bedrooms,0,.,.,.,.,.
KT1,Room,80,500,476,476,492,542
KT1,Studio,10,848,850,850,891,900
KT1,One Bedroom,30,"1,171","1,050","1,050","1,100","1,200"
KT1,Two Bedrooms,50,"1,433","1,250","1,275","1,350","1,550"
KT1,Three Bedrooms,10,"1,848","1,650","1,695","1,755","2,000"
KT1,Four or More Bedrooms,20,"2,120","1,850","1,900","2,200","2,250"
KT17,Room,0,.,.,.,.,.
KT17,Studio,0,.,.,.,.,.
KT17,One Bedroom,0,.,.,.,.,.
KT17,Two Bedrooms,0,.,.,.,.,.
KT17,Three Bedrooms,-,..,..,..,..,..
KT17,Four or More Bedrooms,0,.,.,.,.,.
KT18,Room,0,.,.,.,.,.
KT18,Studio,0,.,.,.,.,.
KT18,One Bedroom,0,.,.,.,.,.
KT18,Two Bedrooms,0,.,.,.,.,.
KT18,Three Bedrooms,0,.,.,.,.,.
KT18,Four or More Bedrooms,0,.,.,.,.,.
KT19,Room,0,.,.,.,.,.
KT19,Studio,0,.,.,.,.,.
KT19,One Bedroom,0,.,.,.,.,.
KT19,Two Bedrooms,0,.,.,.,.,.
KT19,Three Bedrooms,0,.,.,.,.,.
KT19,Four or More Bedrooms,0,.,.,.,.,.
KT2,Room,20,551,525,548,550,575
KT2,Studio,-,..,..,..,..,..
KT2,One Bedroom,40,"1,149","1,090","1,100","1,150","1,249"
KT2,Two Bedrooms,70,"1,484","1,300","1,350","1,400","1,500"
KT2,Three Bedrooms,50,"1,888","1,700","1,750","1,875","2,050"
KT2,Four or More Bedrooms,20,"2,526","1,800","1,925","2,300","2,750"
KT22,Room,0,.,.,.,.,.
KT22,Studio,0,.,.,.,.,.
KT22,One Bedroom,0,.,.,.,.,.
KT22,Two Bedrooms,0,.,.,.,.,.
KT22,Three Bedrooms,0,.,.,.,.,.
KT22,Four or More Bedrooms,0,.,.,.,.,.
KT3,Room,0,.,.,.,.,.
KT3,Studio,-,..,..,..,..,..
KT3,One Bedroom,20,"1,085","1,000","1,000","1,050","1,125"
KT3,Two Bedrooms,40,"1,275","1,150","1,200","1,268","1,400"
KT3,Three Bedrooms,30,"1,697","1,475","1,500","1,700","1,950"
KT3,Four or More Bedrooms,20,"2,312","2,000","2,100","2,400","2,500"
KT4,Room,0,.,.,.,.,.
KT4,Studio,0,.,.,.,.,.
KT4,One Bedroom,20,931,865,875,900,"1,000"
KT4,Two Bedrooms,20,"1,292","1,225","1,225","1,275","1,400"
KT4,Three Bedrooms,20,"1,567","1,500","1,500","1,525","1,650"
KT4,Four or More Bedrooms,10,"1,965","1,750","1,800","1,900","2,266"
KT5,Room,10,400,400,400,400,400
KT5,Studio,10,858,838,850,850,875
KT5,One Bedroom,30,"1,059",950,975,"1,050","1,115"
KT5,Two Bedrooms,20,"1,257","1,180","1,195","1,238","1,350"
KT5,Three Bedrooms,20,"1,708","1,550","1,600","1,750","1,850"
KT5,Four or More Bedrooms,10,"2,354","2,000","2,100","2,325","2,600"
KT6,Room,0,.,.,.,.,.
KT6,Studio,10,836,773,795,825,898
KT6,One Bedroom,50,"1,101","1,000","1,000","1,100","1,200"
KT6,Two Bedrooms,90,"1,347","1,250","1,250","1,329","1,400"
KT6,Three Bedrooms,30,"1,567","1,313","1,350","1,608","1,825"
KT6,Four or More Bedrooms,10,"2,383","2,000","2,000","2,200","2,500"
KT7,Room,0,.,.,.,.,.
KT7,Studio,0,.,.,.,.,.
KT7,One Bedroom,0,.,.,.,.,.
KT7,Two Bedrooms,0,.,.,.,.,.
KT7,Three Bedrooms,0,.,.,.,.,.
KT7,Four or More Bedrooms,0,.,.,.,.,.
KT8,Room,0,.,.,.,.,.
KT8,Studio,0,.,.,.,.,.
KT8,One Bedroom,0,.,.,.,.,.
KT8,Two Bedrooms,-,..,..,..,..,..
KT8,Three Bedrooms,0,.,.,.,.,.
KT8,Four or More Bedrooms,-,..,..,..,..,..
KT9,Room,10,507,500,500,500,500
KT9,Studio,0,.,.,.,.,.
KT9,One Bedroom,10,929,895,895,950,975
KT9,Two Bedrooms,10,"1,234","1,175","1,250","1,275","1,313"
KT9,Three Bedrooms,10,"1,554","1,400","1,415","1,500","1,750"
KT9,Four or More Bedrooms,-,..,..,..,..,..
N1,Room,0,.,.,.,.,.
N1,Studio,10,"1,348","1,213","1,213","1,300","1,452"
N1,One Bedroom,130,"1,663","1,500","1,517","1,650","1,798"
N1,Two Bedrooms,120,"2,149","1,863","1,903","2,112","2,415"
N1,Three Bedrooms,30,"2,797","2,375","2,560","2,817","3,012"
N1,Four or More Bedrooms,10,"3,499","3,265","3,358","3,451","3,706"
N10,Room,0,.,.,.,.,.
N10,Studio,-,..,..,..,..,..
N10,One Bedroom,40,"1,291","1,200","1,200","1,300","1,400"
N10,Two Bedrooms,90,"1,530","1,332","1,350","1,450","1,600"
N10,Three Bedrooms,30,"1,853","1,528","1,550","1,900","2,100"
N10,Four or More Bedrooms,30,"2,029","1,572","1,603","1,700","2,100"
N11,Room,0,.,.,.,.,.
N11,Studio,-,..,..,..,..,..
N11,One Bedroom,30,"1,139","1,049","1,050","1,150","1,200"
N11,Two Bedrooms,50,"1,316","1,207","1,250","1,333","1,400"
N11,Three Bedrooms,20,"1,593","1,350","1,450","1,550","1,800"
N11,Four or More Bedrooms,10,"2,205","1,950","1,975","2,125","2,350"
N12,Room,0,.,.,.,.,.
N12,Studio,10,984,950,950,975,"1,065"
N12,One Bedroom,60,"1,166","1,125","1,148","1,153","1,230"
N12,Two Bedrooms,140,"1,423","1,300","1,300","1,400","1,523"
N12,Three Bedrooms,40,"1,794","1,615","1,700","1,800","1,950"
N12,Four or More Bedrooms,10,"2,367","2,125","2,150","2,425","2,600"
N13,Room,0,.,.,.,.,.
N13,Studio,10,846,800,800,925,950
N13,One Bedroom,10,"1,126","1,050","1,075","1,100","1,200"
N13,Two Bedrooms,20,"1,381","1,249","1,250","1,375","1,475"
N13,Three Bedrooms,-,..,..,..,..,..
N13,Four or More Bedrooms,10,"2,282","2,200","2,200","2,350","2,508"
N14,Room,0,.,.,.,.,.
N14,Studio,-,..,..,..,..,..
N14,One Bedroom,20,"1,117","1,073","1,075","1,100","1,190"
N14,Two Bedrooms,50,"1,322","1,250","1,250","1,300","1,375"
N14,Three Bedrooms,20,"1,851","1,650","1,675","1,750","2,100"
N14,Four or More Bedrooms,10,"2,319","2,000","2,000","2,250","2,400"
N15,Room,-,..,..,..,..,..
N15,Studio,-,..,..,..,..,..
N15,One Bedroom,10,"1,077",921,931,"1,025","1,200"
N15,Two Bedrooms,10,"1,381","1,300","1,350","1,400","1,450"
N15,Three Bedrooms,10,"2,520","2,500","2,500","2,500","2,500"
N15,Four or More Bedrooms,-,..,..,..,..,..
N16,Room,-,..,..,..,..,..
N16,Studio,10,998,875,900,955,"1,100"
N16,One Bedroom,150,"1,321","1,225","1,250","1,300","1,408"
N16,Two Bedrooms,130,"1,676","1,500","1,550","1,650","1,750"
N16,Three Bedrooms,50,"2,319","2,030","2,100","2,210","2,600"
N16,Four or More Bedrooms,30,"2,967","2,600","2,800","3,000","3,293"
N17,Room,-,..,..,..,..,..
N17,Studio,10,875,865,865,871,891
N17,One Bedroom,10,"1,148","1,050","1,050","1,100","1,275"
N17,Two Bedrooms,10,"1,325","1,090","1,090","1,300","1,425"
N17,Three Bedrooms,-,..,..,..,..,..
N17,Four or More Bedrooms,-,..,..,..,..,..
N18,Room,0,.,.,.,.,.
N18,Studio,-,..,..,..,..,..
N18,One Bedroom,10,998,850,860,925,"1,150"
N18,Two Bedrooms,10,"1,259","1,104","1,200","1,300","1,400"
N18,Three Bedrooms,10,"1,389","1,073","1,073","1,500","1,600"
N18,Four or More Bedrooms,-,..,..,..,..,..
N19,Room,0,.,.,.,.,.
N19,Studio,10,"1,099",950,961,"1,050","1,127"
N19,One Bedroom,30,"1,301","1,238","1,275","1,300","1,399"
N19,Two Bedrooms,30,"1,622","1,430","1,500","1,600","1,777"
N19,Three Bedrooms,10,"2,235","2,190","2,190","2,200","2,275"
N19,Four or More Bedrooms,-,..,..,..,..,..
N1C,Room,0,.,.,.,.,.
N1C,Studio,0,.,.,.,.,.
N1C,One Bedroom,-,..,..,..,..,..
N1C,Two Bedrooms,-,..,..,..,..,..
N1C,Three Bedrooms,0,.,.,.,.,.
N1C,Four or More Bedrooms,0,.,.,.,.,.
N1P,Room,0,.,.,.,.,.
N1P,Studio,0,.,.,.,.,.
N1P,One Bedroom,0,.,.,.,.,.
N1P,Two Bedrooms,0,.,.,.,.,.
N1P,Three Bedrooms,0,.,.,.,.,.
N1P,Four or More Bedrooms,0,.,.,.,.,.
N2,Room,-,..,..,..,..,..
N2,Studio,10,"1,002",900,949,"1,000","1,050"
N2,One Bedroom,60,"1,214","1,115","1,130","1,213","1,300"
N2,Two Bedrooms,110,"1,488","1,364","1,400","1,475","1,575"
N2,Three Bedrooms,50,"1,871","1,645","1,650","1,750","1,993"
N2,Four or More Bedrooms,30,"3,010","2,525","2,600","3,050","3,300"
N20,Room,-,..,..,..,..,..
N20,Studio,-,..,..,..,..,..
N20,One Bedroom,30,"1,208","1,050","1,050","1,200","1,385"
N20,Two Bedrooms,60,"1,394","1,250","1,300","1,400","1,500"
N20,Three Bedrooms,20,"1,765","1,525","1,700","1,750","1,800"
N20,Four or More Bedrooms,10,"2,474","1,950","2,000","2,250","2,990"
N21,Room,-,..,..,..,..,..
N21,Studio,-,..,..,..,..,..
N21,One Bedroom,-,..,..,..,..,..
N21,Two Bedrooms,10,"1,330","1,187","1,187","1,377","1,450"
N21,Three Bedrooms,-,..,..,..,..,..
N21,Four or More Bedrooms,-,..,..,..,..,..
N22,Room,-,..,..,..,..,..
N22,Studio,0,.,.,.,.,.
N22,One Bedroom,10,"1,283","1,150","1,200","1,290","1,408"
N22,Two Bedrooms,20,"1,409","1,300","1,300","1,350","1,500"
N22,Three Bedrooms,10,"1,898","1,500","1,600","1,730","2,000"
N22,Four or More Bedrooms,-,..,..,..,..,..
N3,Room,-,..,..,..,..,..
N3,Studio,10,941,900,900,960,975
N3,One Bedroom,60,"1,191","1,100","1,100","1,188","1,268"
N3,Two Bedrooms,150,"1,406","1,300","1,300","1,395","1,500"
N3,Three Bedrooms,40,"1,847","1,750","1,750","1,830","1,950"
N3,Four or More Bedrooms,10,"2,402","2,100","2,222","2,400","2,650"
N4,Room,0,.,.,.,.,.
N4,Studio,10,972,700,700,"1,018","1,100"
N4,One Bedroom,30,"1,377","1,300","1,300","1,350","1,495"
N4,Two Bedrooms,30,"1,625","1,450","1,500","1,600","1,750"
N4,Three Bedrooms,10,"2,146","1,935","1,935","2,000","2,400"
N4,Four or More Bedrooms,-,..,..,..,..,..
N5,Room,0,.,.,.,.,.
N5,Studio,0,.,.,.,.,.
N5,One Bedroom,30,"1,602","1,430","1,493","1,593","1,733"
N5,Two Bedrooms,30,"2,430","1,733","1,790","1,863","2,058"
N5,Three Bedrooms,-,..,..,..,..,..
N5,Four or More Bedrooms,10,"4,082","3,830","3,868","3,944","4,492"
N6,Room,0,.,.,.,.,.
N6,Studio,-,..,..,..,..,..
N6,One Bedroom,10,"1,370","1,248","1,248","1,408","1,430"
N6,Two Bedrooms,20,"1,809","1,550","1,550","1,650","1,950"
N6,Three Bedrooms,-,..,..,..,..,..
N6,Four or More Bedrooms,-,..,..,..,..,..
N7,Room,0,.,.,.,.,.
N7,Studio,-,..,..,..,..,..
N7,One Bedroom,20,"1,428","1,272","1,350","1,486","1,562"
N7,Two Bedrooms,20,"1,774","1,555","1,600","1,695","2,000"
N7,Three Bedrooms,10,"2,273","2,079","2,100","2,223","2,416"
N7,Four or More Bedrooms,10,"2,853","2,730","2,730","2,785","3,098"
N8,Room,0,.,.,.,.,.
N8,Studio,-,..,..,..,..,..
N8,One Bedroom,30,"1,289","1,227","1,240","1,300","1,378"
N8,Two Bedrooms,40,"1,611","1,450","1,475","1,550","1,745"
N8,Three Bedrooms,10,"2,079","1,850","1,955","2,075","2,200"
N8,Four or More Bedrooms,10,"3,145","2,700","2,700","3,000","3,166"
N81,Room,0,.,.,.,.,.
N81,Studio,0,.,.,.,.,.
N81,One Bedroom,0,.,.,.,.,.
N81,Two Bedrooms,0,.,.,.,.,.
N81,Three Bedrooms,0,.,.,.,.,.
N81,Four or More Bedrooms,0,.,.,.,.,.
N9,Room,0,.,.,.,.,.
N9,Studio,10,836,800,800,833,875
N9,One Bedroom,20,964,860,870,960,"1,050"
N9,Two Bedrooms,20,"1,331","1,250","1,275","1,300","1,400"
N9,Three Bedrooms,20,"1,607","1,575","1,600","1,650","1,700"
N9,Four or More Bedrooms,10,"1,770","1,550","1,550","1,800","1,850"
NW1,Room,-,..,..,..,..,..
NW1,Studio,20,"1,364","1,150","1,150","1,408","1,517"
NW1,One Bedroom,100,"1,721","1,408","1,517","1,648","1,912"
NW1,Two Bedrooms,80,"2,518","1,907","2,015","2,470","3,050"
NW1,Three Bedrooms,30,"3,316","2,345","2,492","3,087","3,300"
NW1,Four or More Bedrooms,20,"4,109","3,358","3,407","3,600","4,088"
NW10,Room,20,646,600,635,671,720
NW10,Studio,50,896,800,802,881,999
NW10,One Bedroom,80,"1,216","1,127","1,150","1,200","1,300"
NW10,Two Bedrooms,140,"1,488","1,400","1,400","1,500","1,600"
NW10,Three Bedrooms,70,"1,940","1,800","1,850","1,916","2,145"
NW10,Four or More Bedrooms,40,"2,393","2,075","2,100","2,288","2,600"
NW11,Room,0,.,.,.,.,.
NW11,Studio,0,.,.,.,.,.
NW11,One Bedroom,-,..,..,..,..,..
NW11,Two Bedrooms,-,..,..,..,..,..
NW11,Three Bedrooms,-,..,..,..,..,..
NW11,Four or More Bedrooms,0,.,.,.,.,.
NW1W,Room,0,.,.,.,.,.
NW1W,Studio,0,.,.,.,.,.
NW1W,One Bedroom,0,.,.,.,.,.
NW1W,Two Bedrooms,0,.,.,.,.,.
NW1W,Three Bedrooms,0,.,.,.,.,.
NW1W,Four or More Bedrooms,0,.,.,.,.,.
NW2,Room,10,594,500,500,590,700
NW2,Studio,40,930,850,867,910,"1,000"
NW2,One Bedroom,90,"1,222","1,116","1,150","1,200","1,300"
NW2,Two Bedrooms,130,"1,530","1,430","1,450","1,500","1,600"
NW2,Three Bedrooms,80,"1,964","1,797","1,825","1,950","2,000"
NW2,Four or More Bedrooms,40,"2,303","2,000","2,000","2,350","2,575"
NW26,Room,0,.,.,.,.,.
NW26,Studio,0,.,.,.,.,.
NW26,One Bedroom,0,.,.,.,.,.
NW26,Two Bedrooms,0,.,.,.,.,.
NW26,Three Bedrooms,0,.,.,.,.,.
NW26,Four or More Bedrooms,0,.,.,.,.,.
NW3,Room,-,..,..,..,..,..
NW3,Studio,10,"1,376","1,100","1,100","1,127","1,450"
NW3,One Bedroom,30,"1,811","1,365","1,450","1,600","1,750"
NW3,Two Bedrooms,30,"2,213","1,933","1,950","2,027","2,383"
NW3,Three Bedrooms,10,"3,069","2,730","2,752","2,900","3,606"
NW3,Four or More Bedrooms,10,"5,786","3,564","3,727","4,062","8,725"
NW4,Room,-,..,..,..,..,..
NW4,Studio,10,829,800,800,802,823
NW4,One Bedroom,20,"1,146","1,000","1,040","1,140","1,250"
NW4,Two Bedrooms,30,"1,346","1,249","1,250","1,336","1,413"
NW4,Three Bedrooms,10,"1,856","1,650","1,687","1,799","1,950"
NW4,Four or More Bedrooms,-,..,..,..,..,..
NW5,Room,10,763,775,775,775,775
NW5,Studio,80,957,890,900,950,"1,000"
NW5,One Bedroom,100,"1,313","1,200","1,200","1,300","1,350"
NW5,Two Bedrooms,40,"1,676","1,460","1,475","1,535","1,900"
NW5,Three Bedrooms,20,"2,006","1,850","1,850","1,985","2,200"
NW5,Four or More Bedrooms,10,"2,708","1,863","1,863","2,595","3,467"
NW6,Room,0,.,.,.,.,.
NW6,Studio,10,983,910,910,959,"1,083"
NW6,One Bedroom,20,"1,318","1,248","1,250","1,300","1,465"
NW6,Two Bedrooms,40,"1,775","1,550","1,550","1,700","1,928"
NW6,Three Bedrooms,10,"2,164","1,950","1,950","2,100","2,414"
NW6,Four or More Bedrooms,10,"2,621","2,037","2,037","2,360","2,850"
NW7,Room,0,.,.,.,.,.
NW7,Studio,0,.,.,.,.,.
NW7,One Bedroom,20,"1,141","1,082","1,095","1,150","1,224"
NW7,Two Bedrooms,70,"1,454","1,350","1,350","1,400","1,500"
NW7,Three Bedrooms,20,"1,717","1,473","1,547","1,735","1,993"
NW7,Four or More Bedrooms,10,"2,753","2,130","2,197","2,400","2,840"
NW8,Room,0,.,.,.,.,.
NW8,Studio,-,..,..,..,..,..
NW8,One Bedroom,30,"1,732","1,500","1,500","1,741","2,000"
NW8,Two Bedrooms,10,"2,387","2,145","2,145","2,385","2,700"
NW8,Three Bedrooms,10,"3,048","2,557","2,557","2,578","3,900"
NW8,Four or More Bedrooms,-,..,..,..,..,..
NW9,Room,10,489,442,442,500,500
NW9,Studio,20,916,850,850,950,997
NW9,One Bedroom,30,"1,139","1,050","1,050","1,150","1,245"
NW9,Two Bedrooms,60,"1,341","1,250","1,250","1,350","1,451"
NW9,Three Bedrooms,40,"1,726","1,600","1,647","1,733","1,800"
NW9,Four or More Bedrooms,20,"2,048","1,900","1,900","1,975","2,225"
RM1,Room,0,.,.,.,.,.
RM1,Studio,10,703,700,700,708,750
RM1,One Bedroom,40,903,835,850,900,950
RM1,Two Bedrooms,70,"1,123","1,025","1,050","1,100","1,200"
RM1,Three Bedrooms,20,"1,365","1,350","1,350","1,350","1,400"
RM1,Four or More Bedrooms,10,"1,634","1,500","1,500","1,700","1,750"
RM10,Room,10,507,542,542,542,542
RM10,Studio,-,..,..,..,..,..
RM10,One Bedroom,20,859,800,820,860,900
RM10,Two Bedrooms,20,"1,124","1,050","1,075","1,125","1,200"
RM10,Three Bedrooms,40,"1,368","1,300","1,325","1,400","1,450"
RM10,Four or More Bedrooms,-,..,..,..,..,..
RM11,Room,0,.,.,.,.,.
RM11,Studio,-,..,..,..,..,..
RM11,One Bedroom,20,896,870,875,900,950
RM11,Two Bedrooms,30,"1,111","1,025","1,050","1,100","1,200"
RM11,Three Bedrooms,20,"1,397","1,263","1,300","1,400","1,500"
RM11,Four or More Bedrooms,10,"2,330","1,700","1,700","1,700","1,750"
RM12,Room,10,628,624,624,624,624
RM12,Studio,0,.,.,.,.,.
RM12,One Bedroom,20,902,800,800,875,"1,000"
RM12,Two Bedrooms,30,"1,120","1,050","1,050","1,100","1,195"
RM12,Three Bedrooms,40,"1,462","1,351","1,398","1,488","1,600"
RM12,Four or More Bedrooms,10,"1,832","1,700","1,700","1,890","1,995"
RM13,Room,0,.,.,.,.,.
RM13,Studio,-,..,..,..,..,..
RM13,One Bedroom,20,877,850,850,863,950
RM13,Two Bedrooms,30,"1,065",950,"1,000","1,100","1,150"
RM13,Three Bedrooms,60,"1,362","1,290","1,300","1,350","1,450"
RM13,Four or More Bedrooms,10,"1,629","1,600","1,600","1,600","1,700"
RM14,Room,0,.,.,.,.,.
RM14,Studio,0,.,.,.,.,.
RM14,One Bedroom,-,..,..,..,..,..
RM14,Two Bedrooms,30,"1,177","1,050","1,050","1,200","1,350"
RM14,Three Bedrooms,20,"1,541","1,375","1,400","1,500","1,673"
RM14,Four or More Bedrooms,10,"2,204","2,000","2,000","2,225","2,575"
RM15,Room,0,.,.,.,.,.
RM15,Studio,0,.,.,.,.,.
RM15,One Bedroom,0,.,.,.,.,.
RM15,Two Bedrooms,0,.,.,.,.,.
RM15,Three Bedrooms,0,.,.,.,.,.
RM15,Four or More Bedrooms,0,.,.,.,.,.
RM2,Room,-,..,..,..,..,..
RM2,Studio,0,.,.,.,.,.
RM2,One Bedroom,10,897,850,850,875,900
RM2,Two Bedrooms,30,"1,196","1,100","1,100","1,200","1,250"
RM2,Three Bedrooms,10,"1,456","1,333","1,333","1,450","1,600"
RM2,Four or More Bedrooms,-,..,..,..,..,..
RM3,Room,-,..,..,..,..,..
RM3,Studio,-,..,..,..,..,..
RM3,One Bedroom,40,865,750,800,850,925
RM3,Two Bedrooms,40,"1,090",950,"1,000","1,050","1,200"
RM3,Three Bedrooms,50,"1,356","1,250","1,285","1,350","1,500"
RM3,Four or More Bedrooms,10,"1,624","1,395","1,400","1,500","1,975"
RM4,Room,0,.,.,.,.,.
RM4,Studio,0,.,.,.,.,.
RM4,One Bedroom,0,.,.,.,.,.
RM4,Two Bedrooms,-,..,..,..,..,..
RM4,Three Bedrooms,0,.,.,.,.,.
RM4,Four or More Bedrooms,-,..,..,..,..,..
RM5,Room,0,.,.,.,.,.
RM5,Studio,0,.,.,.,.,.
RM5,One Bedroom,10,839,800,825,850,900
RM5,Two Bedrooms,20,"1,151",985,995,"1,188","1,285"
RM5,Three Bedrooms,30,"1,329","1,250","1,300","1,350","1,400"
RM5,Four or More Bedrooms,-,..,..,..,..,..
RM50,Room,0,.,.,.,.,.
RM50,Studio,0,.,.,.,.,.
RM50,One Bedroom,0,.,.,.,.,.
RM50,Two Bedrooms,0,.,.,.,.,.
RM50,Three Bedrooms,0,.,.,.,.,.
RM50,Four or More Bedrooms,0,.,.,.,.,.
RM6,Room,-,..,..,..,..,..
RM6,Studio,10,726,665,695,750,750
RM6,One Bedroom,20,881,825,850,888,900
RM6,Two Bedrooms,50,"1,110","1,050","1,100","1,100","1,200"
RM6,Three Bedrooms,30,"1,392","1,300","1,325","1,400","1,500"
RM6,Four or More Bedrooms,-,..,..,..,..,..
RM7,Room,10,632,617,617,624,642
RM7,Studio,-,..,..,..,..,..
RM7,One Bedroom,50,936,900,900,950,"1,000"
RM7,Two Bedrooms,60,"1,176","1,100","1,100","1,200","1,250"
RM7,Three Bedrooms,30,"1,365","1,340","1,340","1,350","1,400"
RM7,Four or More Bedrooms,10,"1,641","1,475","1,500","1,668","1,750"
RM8,Room,0,.,.,.,.,.
RM8,Studio,-,..,..,..,..,..
RM8,One Bedroom,20,934,850,875,925,"1,050"
RM8,Two Bedrooms,50,"1,200","1,125","1,150","1,200","1,250"
RM8,Three Bedrooms,30,"1,417","1,300","1,300","1,425","1,500"
RM8,Four or More Bedrooms,10,"1,609","1,600","1,600","1,650","1,700"
RM9,Room,0,.,.,.,.,.
RM9,Studio,0,.,.,.,.,.
RM9,One Bedroom,10,894,850,875,900,985
RM9,Two Bedrooms,30,"1,214","1,150","1,175","1,200","1,300"
RM9,Three Bedrooms,20,"1,343","1,300","1,300","1,350","1,450"
RM9,Four or More Bedrooms,-,..,..,..,..,..
SE1,Room,-,..,..,..,..,..
SE1,Studio,20,"1,199","1,170","1,172","1,200","1,250"
SE1,One Bedroom,160,"1,633","1,350","1,400","1,603","1,800"
SE1,Two Bedrooms,160,"2,135","1,733","1,777","2,015","2,492"
SE1,Three Bedrooms,40,"2,738","2,400","2,405","2,600","3,025"
SE1,Four or More Bedrooms,-,..,..,..,..,..
SE10,Room,-,..,..,..,..,..
SE10,Studio,-,..,..,..,..,..
SE10,One Bedroom,60,"1,371","1,270","1,325","1,395","1,450"
SE10,Two Bedrooms,80,"1,705","1,500","1,550","1,650","1,800"
SE10,Three Bedrooms,40,"2,279","1,950","2,000","2,100","2,500"
SE10,Four or More Bedrooms,-,..,..,..,..,..
SE11,Room,0,.,.,.,.,.
SE11,Studio,-,..,..,..,..,..
SE11,One Bedroom,20,"1,365","1,300","1,300","1,365","1,500"
SE11,Two Bedrooms,20,"1,714","1,500","1,582","1,750","2,000"
SE11,Three Bedrooms,10,"2,119","1,700","2,000","2,200","2,350"
SE11,Four or More Bedrooms,10,"3,267","3,200","3,200","3,250","3,440"
SE12,Room,0,.,.,.,.,.
SE12,Studio,0,.,.,.,.,.
SE12,One Bedroom,30,"1,040",950,"1,000","1,000","1,150"
SE12,Two Bedrooms,60,"1,232","1,150","1,150","1,250","1,300"
SE12,Three Bedrooms,30,"1,556","1,450","1,450","1,550","1,600"
SE12,Four or More Bedrooms,10,"2,059","1,875","1,875","2,150","2,250"
SE13,Room,-,..,..,..,..,..
SE13,Studio,30,922,800,825,875,"1,066"
SE13,One Bedroom,190,"1,282","1,150","1,200","1,320","1,425"
SE13,Two Bedrooms,170,"1,487","1,300","1,325","1,473","1,710"
SE13,Three Bedrooms,30,"1,778","1,600","1,600","1,674","1,900"
SE13,Four or More Bedrooms,10,"2,188","1,775","1,850","2,300","2,500"
SE14,Room,0,.,.,.,.,.
SE14,Studio,-,..,..,..,..,..
SE14,One Bedroom,20,"1,137","1,050","1,050","1,100","1,250"
SE14,Two Bedrooms,20,"1,400","1,300","1,325","1,388","1,538"
SE14,Three Bedrooms,10,"1,742","1,500","1,699","1,795","2,000"
SE14,Four or More Bedrooms,0,.,.,.,.,.
SE15,Room,10,596,550,550,596,642
SE15,Studio,-,..,..,..,..,..
SE15,One Bedroom,70,"1,282","1,192","1,200","1,250","1,400"
SE15,Two Bedrooms,80,"1,589","1,400","1,450","1,555","1,700"
SE15,Three Bedrooms,30,"2,065","1,995","2,000","2,200","2,300"
SE15,Four or More Bedrooms,20,"2,634","2,400","2,500","2,500","2,800"
SE16,Room,-,..,..,..,..,..
SE16,Studio,-,..,..,..,..,..
SE16,One Bedroom,100,"1,343","1,200","1,250","1,300","1,425"
SE16,Two Bedrooms,120,"1,674","1,500","1,500","1,600","1,800"
SE16,Three Bedrooms,30,"2,102","1,850","1,900","2,100","2,344"
SE16,Four or More Bedrooms,10,"2,607","2,400","2,400","2,600","2,800"
SE17,Room,0,.,.,.,.,.
SE17,Studio,-,..,..,..,..,..
SE17,One Bedroom,20,"1,255","1,200","1,200","1,250","1,375"
SE17,Two Bedrooms,30,"1,545","1,380","1,450","1,500","1,650"
SE17,Three Bedrooms,20,"1,782","1,515","1,540","1,760","1,950"
SE17,Four or More Bedrooms,20,"2,509","2,330","2,350","2,550","2,675"
SE18,Room,10,696,550,700,700,742
SE18,Studio,10,821,750,750,830,875
SE18,One Bedroom,90,"1,057",900,950,"1,000","1,150"
SE18,Two Bedrooms,130,"1,305","1,150","1,200","1,250","1,450"
SE18,Three Bedrooms,50,"1,468","1,350","1,400","1,450","1,575"
SE18,Four or More Bedrooms,10,"1,952","1,600","1,600","1,763","1,975"
SE19,Room,-,..,..,..,..,..
SE19,Studio,-,..,..,..,..,..
SE19,One Bedroom,20,"1,036",900,975,"1,020","1,100"
SE19,Two Bedrooms,20,"1,340","1,245","1,300","1,313","1,400"
SE19,Three Bedrooms,10,"1,650","1,450","1,450","1,600","1,850"
SE19,Four or More Bedrooms,-,..,..,..,..,..
SE1P,Room,0,.,.,.,.,.
SE1P,Studio,0,.,.,.,.,.
SE1P,One Bedroom,0,.,.,.,.,.
SE1P,Two Bedrooms,0,.,.,.,.,.
SE1P,Three Bedrooms,0,.,.,.,.,.
SE1P,Four or More Bedrooms,0,.,.,.,.,.
SE2,Room,0,.,.,.,.,.
SE2,Studio,0,.,.,.,.,.
SE2,One Bedroom,10,799,775,778,778,830
SE2,Two Bedrooms,10,950,880,884,900,940
SE2,Three Bedrooms,40,"1,209","1,131","1,131","1,150","1,311"
SE2,Four or More Bedrooms,10,"1,451","1,245","1,245","1,297","1,375"
SE20,Room,0,.,.,.,.,.
SE20,Studio,10,829,800,800,850,875
SE20,One Bedroom,60,961,900,900,950,"1,013"
SE20,Two Bedrooms,40,"1,179","1,050","1,100","1,200","1,295"
SE20,Three Bedrooms,10,"1,460","1,413","1,425","1,500","1,525"
SE20,Four or More Bedrooms,-,..,..,..,..,..
SE21,Room,0,.,.,.,.,.
SE21,Studio,-,..,..,..,..,..
SE21,One Bedroom,10,"1,329","1,325","1,350","1,350","1,400"
SE21,Two Bedrooms,70,"1,369","1,103","1,150","1,275","1,700"
SE21,Three Bedrooms,20,"2,015","1,850","1,850","1,925","2,200"
SE21,Four or More Bedrooms,10,"3,602","3,200","3,200","3,600","4,300"
SE22,Room,-,..,..,..,..,..
SE22,Studio,10,991,938,975,993,"1,033"
SE22,One Bedroom,50,"1,301","1,200","1,250","1,300","1,400"
SE22,Two Bedrooms,70,"1,629","1,525","1,563","1,650","1,750"
SE22,Three Bedrooms,20,"2,143","1,925","1,975","2,250","2,350"
SE22,Four or More Bedrooms,10,"2,779","2,600","2,600","2,800","3,000"
SE23,Room,-,..,..,..,..,..
SE23,Studio,20,806,800,800,800,850
SE23,One Bedroom,30,"1,094",950,995,"1,100","1,150"
SE23,Two Bedrooms,40,"1,376","1,300","1,300","1,375","1,500"
SE23,Three Bedrooms,10,"1,724","1,650","1,670","1,750","1,800"
SE23,Four or More Bedrooms,10,"1,992","1,665","1,683","2,000","2,400"
SE24,Room,0,.,.,.,.,.
SE24,Studio,-,..,..,..,..,..
SE24,One Bedroom,20,"1,345","1,245","1,250","1,395","1,475"
SE24,Two Bedrooms,30,"1,606","1,495","1,500","1,638","1,750"
SE24,Three Bedrooms,10,"2,371","1,650","1,850","2,450","2,900"
SE24,Four or More Bedrooms,10,"3,200","2,200","2,200","3,475","3,650"
SE25,Room,10,536,485,485,505,600
SE25,Studio,10,742,701,725,750,792
SE25,One Bedroom,70,924,850,875,910,975
SE25,Two Bedrooms,60,"1,189","1,100","1,150","1,200","1,250"
SE25,Three Bedrooms,20,"1,487","1,400","1,400","1,475","1,600"
SE25,Four or More Bedrooms,-,..,..,..,..,..
SE26,Room,0,.,.,.,.,.
SE26,Studio,10,843,750,750,825,860
SE26,One Bedroom,50,"1,050",950,975,"1,050","1,150"
SE26,Two Bedrooms,90,"1,263","1,155","1,200","1,255","1,358"
SE26,Three Bedrooms,30,"1,581","1,400","1,400","1,588","1,725"
SE26,Four or More Bedrooms,10,"2,516","2,250","2,300","2,339","2,725"
SE27,Room,0,.,.,.,.,.
SE27,Studio,0,.,.,.,.,.
SE27,One Bedroom,10,"1,158","1,100","1,100","1,148","1,250"
SE27,Two Bedrooms,10,"1,361","1,225","1,275","1,300","1,480"
SE27,Three Bedrooms,-,..,..,..,..,..
SE27,Four or More Bedrooms,0,.,.,.,.,.
SE28,Room,-,..,..,..,..,..
SE28,Studio,-,..,..,..,..,..
SE28,One Bedroom,10,913,850,875,875,925
SE28,Two Bedrooms,20,"1,181","1,100","1,110","1,200","1,300"
SE28,Three Bedrooms,10,"1,356","1,275","1,300","1,340","1,400"
SE28,Four or More Bedrooms,-,..,..,..,..,..
SE3,Room,-,..,..,..,..,..
SE3,Studio,10,958,875,875,925,"1,050"
SE3,One Bedroom,60,"1,261","1,148","1,150","1,250","1,338"
SE3,Two Bedrooms,100,"1,518","1,325","1,400","1,500","1,700"
SE3,Three Bedrooms,40,"1,854","1,625","1,650","1,825","2,000"
SE3,Four or More Bedrooms,10,"2,338","2,000","2,000","2,600","3,000"
SE4,Room,-,..,..,..,..,..
SE4,Studio,10,771,700,700,800,825
SE4,One Bedroom,30,"1,043",950,"1,000","1,050","1,150"
SE4,Two Bedrooms,40,"1,360","1,300","1,300","1,361","1,425"
SE4,Three Bedrooms,10,"1,604","1,343","1,500","1,635","1,795"
SE4,Four or More Bedrooms,-,..,..,..,..,..
SE5,Room,10,638,642,642,650,692
SE5,Studio,0,.,.,.,.,.
SE5,One Bedroom,30,"1,260","1,225","1,250","1,300","1,400"
SE5,Two Bedrooms,50,"1,433","1,350","1,378","1,440","1,567"
SE5,Three Bedrooms,20,"2,032","1,900","1,950","2,050","2,200"
SE5,Four or More Bedrooms,10,"2,909","2,500","2,500","3,045","3,300"
SE6,Room,20,550,500,500,500,592
SE6,Studio,10,824,800,800,825,850
SE6,One Bedroom,70,"1,011",925,950,"1,000","1,100"
SE6,Two Bedrooms,100,"1,245","1,150","1,177","1,238","1,350"
SE6,Three Bedrooms,30,"1,537","1,450","1,473","1,500","1,650"
SE6,Four or More Bedrooms,10,"1,812","1,700","1,733","1,800","2,100"
SE7,Room,10,558,542,542,560,585
SE7,Studio,0,.,.,.,.,.
SE7,One Bedroom,20,"1,150","1,100","1,100","1,150","1,250"
SE7,Two Bedrooms,30,"1,297","1,200","1,200","1,300","1,400"
SE7,Three Bedrooms,20,"1,683","1,600","1,600","1,750","1,800"
SE7,Four or More Bedrooms,10,"2,179","2,000","2,000","2,100","2,400"
SE8,Room,20,693,592,617,692,842
SE8,Studio,10,973,925,950,968,"1,000"
SE8,One Bedroom,50,"1,209","1,100","1,100","1,192","1,350"
SE8,Two Bedrooms,60,"1,367","1,250","1,278","1,370","1,550"
SE8,Three Bedrooms,10,"1,641","1,160","1,230","1,725","1,800"
SE8,Four or More Bedrooms,-,..,..,..,..,..
SE9,Room,-,..,..,..,..,..
SE9,Studio,10,822,825,825,825,850
SE9,One Bedroom,30,993,900,925,950,"1,075"
SE9,Two Bedrooms,70,"1,245","1,150","1,150","1,200","1,350"
SE9,Three Bedrooms,60,"1,511","1,363","1,400","1,500","1,650"
SE9,Four or More Bedrooms,10,"2,140","1,850","1,900","2,200","2,500"
SE99,Room,0,.,.,.,.,.
SE99,Studio,0,.,.,.,.,.
SE99,One Bedroom,0,.,.,.,.,.
SE99,Two Bedrooms,0,.,.,.,.,.
SE99,Three Bedrooms,0,.,.,.,.,.
SE99,Four or More Bedrooms,0,.,.,.,.,.
SM1,Room,-,..,..,..,..,..
SM1,Studio,10,775,750,775,775,795
SM1,One Bedroom,120,931,875,895,920,975
SM1,Two Bedrooms,150,"1,181","1,100","1,100","1,195","1,250"
SM1,Three Bedrooms,50,"1,481","1,350","1,375","1,455","1,600"
SM1,Four or More Bedrooms,10,"1,878","1,700","1,700","1,800","1,900"
SM2,Room,-,..,..,..,..,..
SM2,Studio,20,794,775,775,798,825
SM2,One Bedroom,180,941,900,900,950,995
SM2,Two Bedrooms,230,"1,171","1,095","1,100","1,175","1,250"
SM2,Three Bedrooms,40,"1,470","1,325","1,350","1,450","1,575"
SM2,Four or More Bedrooms,10,"2,016","1,755","1,755","1,950","2,100"
SM3,Room,0,.,.,.,.,.
SM3,Studio,10,794,750,750,775,800
SM3,One Bedroom,10,958,825,838,963,"1,050"
SM3,Two Bedrooms,30,"1,221","1,080","1,150","1,250","1,300"
SM3,Three Bedrooms,20,"1,659","1,595","1,595","1,613","1,650"
SM3,Four or More Bedrooms,-,..,..,..,..,..
SM4,Room,-,..,..,..,..,..
SM4,Studio,-,..,..,..,..,..
SM4,One Bedroom,10,"1,019",950,"1,000","1,050","1,100"
SM4,Two Bedrooms,30,"1,287","1,175","1,200","1,250","1,350"
SM4,Three Bedrooms,20,"1,580","1,450","1,450","1,525","1,745"
SM4,Four or More Bedrooms,10,"2,215","1,750","1,750","2,048","2,700"
SM5,Room,-,..,..,..,..,..
SM5,Studio,-,..,..,..,..,..
SM5,One Bedroom,20,887,850,865,895,925
SM5,Two Bedrooms,40,"1,110","1,000","1,000","1,100","1,250"
SM5,Three Bedrooms,20,"1,428","1,375","1,395","1,450","1,500"
SM5,Four or More Bedrooms,-,..,..,..,..,..
SM6,Room,-,..,..,..,..,..
SM6,Studio,10,705,625,665,725,750
SM6,One Bedroom,40,897,850,850,900,950
SM6,Two Bedrooms,80,"1,142","1,073","1,075","1,150","1,250"
SM6,Three Bedrooms,20,"1,489","1,400","1,450","1,500","1,575"
SM6,Four or More Bedrooms,10,"1,928","1,800","1,800","1,900","2,100"
SM7,Room,0,.,.,.,.,.
SM7,Studio,0,.,.,.,.,.
SM7,One Bedroom,0,.,.,.,.,.
SM7,Two Bedrooms,0,.,.,.,.,.
SM7,Three Bedrooms,0,.,.,.,.,.
SM7,Four or More Bedrooms,0,.,.,.,.,.
SW10,Room,0,.,.,.,.,.
SW10,Studio,10,"1,409","1,278","1,278","1,350","1,475"
SW10,One Bedroom,50,"1,842","1,560","1,600","1,782","2,058"
SW10,Two Bedrooms,50,"2,237","1,885","1,938","2,188","2,406"
SW10,Three Bedrooms,10,"3,536","3,100","3,100","3,564","3,683"
SW10,Four or More Bedrooms,-,..,..,..,..,..
SW11,Room,0,.,.,.,.,.
SW11,Studio,10,"1,000",850,850,930,"1,083"
SW11,One Bedroom,150,"1,474","1,268","1,300","1,461","1,693"
SW11,Two Bedrooms,250,"1,978","1,688","1,733","1,900","2,200"
SW11,Three Bedrooms,100,"2,575","2,113","2,340","2,500","2,750"
SW11,Four or More Bedrooms,50,"3,509","3,000","3,077","3,400","3,750"
SW12,Room,0,.,.,.,.,.
SW12,Studio,10,"1,162","1,150","1,200","1,200","1,235"
SW12,One Bedroom,40,"1,461","1,328","1,350","1,450","1,603"
SW12,Two Bedrooms,70,"1,976","1,733","1,800","1,971","2,200"
SW12,Three Bedrooms,20,"2,374","2,000","2,075","2,360","2,578"
SW12,Four or More Bedrooms,10,"3,379","3,100","3,100","3,481","3,748"
SW13,Room,0,.,.,.,.,.
SW13,Studio,10,"1,053",900,948,"1,067","1,105"
SW13,One Bedroom,80,"1,396","1,250","1,300","1,400","1,500"
SW13,Two Bedrooms,150,"1,867","1,500","1,550","1,750","2,100"
SW13,Three Bedrooms,80,"2,474","1,825","1,900","2,250","2,950"
SW13,Four or More Bedrooms,40,"4,946","2,998","3,000","3,725","5,775"
SW14,Room,0,.,.,.,.,.
SW14,Studio,10,"1,100",900,925,998,"1,400"
SW14,One Bedroom,90,"1,286","1,200","1,200","1,295","1,375"
SW14,Two Bedrooms,250,"1,687","1,450","1,495","1,650","1,850"
SW14,Three Bedrooms,110,"2,352","1,795","1,900","2,250","2,665"
SW14,Four or More Bedrooms,100,"3,803","2,950","3,000","3,500","4,099"
SW15,Room,0,.,.,.,.,.
SW15,Studio,10,"1,059",950,975,"1,003","1,195"
SW15,One Bedroom,130,"1,421","1,350","1,350","1,445","1,517"
SW15,Two Bedrooms,220,"1,797","1,550","1,595","1,750","1,995"
SW15,Three Bedrooms,90,"2,216","1,800","1,850","2,100","2,400"
SW15,Four or More Bedrooms,50,"3,545","2,245","2,450","2,900","3,795"
SW16,Room,10,708,625,625,725,780
SW16,Studio,10,764,676,700,800,800
SW16,One Bedroom,50,"1,120","1,020","1,025","1,100","1,225"
SW16,Two Bedrooms,60,"1,369","1,250","1,275","1,342","1,472"
SW16,Three Bedrooms,40,"1,600","1,473","1,550","1,650","1,700"
SW16,Four or More Bedrooms,30,"2,002","1,650","1,725","1,900","2,300"
SW17,Room,-,..,..,..,..,..
SW17,Studio,10,"1,108","1,000","1,025","1,051","1,250"
SW17,One Bedroom,30,"1,270","1,063","1,200","1,300","1,400"
SW17,Two Bedrooms,60,"1,526","1,400","1,400","1,490","1,605"
SW17,Three Bedrooms,30,"2,019","1,750","1,800","2,038","2,275"
SW17,Four or More Bedrooms,30,"2,450","2,100","2,200","2,350","2,700"
SW18,Room,0,.,.,.,.,.
SW18,Studio,-,..,..,..,..,..
SW18,One Bedroom,70,"1,383","1,275","1,300","1,350","1,500"
SW18,Two Bedrooms,160,"1,744","1,550","1,600","1,700","1,875"
SW18,Three Bedrooms,60,"2,298","1,863","1,900","2,200","2,600"
SW18,Four or More Bedrooms,50,"3,166","2,700","2,800","3,050","3,520"
SW19,Room,10,658,580,600,703,732
SW19,Studio,30,"1,130",950,950,"1,050","1,313"
SW19,One Bedroom,340,"1,278","1,175","1,200","1,250","1,375"
SW19,Two Bedrooms,500,"1,591","1,400","1,450","1,550","1,700"
SW19,Three Bedrooms,170,"2,164","1,750","1,800","2,100","2,375"
SW19,Four or More Bedrooms,120,"3,058","2,350","2,450","2,750","3,175"
SW1A,Room,0,.,.,.,.,.
SW1A,Studio,0,.,.,.,.,.
SW1A,One Bedroom,-,..,..,..,..,..
SW1A,Two Bedrooms,-,..,..,..,..,..
SW1A,Three Bedrooms,-,..,..,..,..,..
SW1A,Four or More Bedrooms,0,.,.,.,.,.
SW1E,Room,0,.,.,.,.,.
SW1E,Studio,0,.,.,.,.,.
SW1E,One Bedroom,-,..,..,..,..,..
SW1E,Two Bedrooms,10,"3,305","2,542","2,542","3,300","4,104"
SW1E,Three Bedrooms,10,"4,763","3,250","3,250","5,250","6,000"
SW1E,Four or More Bedrooms,0,.,.,.,.,.
SW1H,Room,0,.,.,.,.,.
SW1H,Studio,0,.,.,.,.,.
SW1H,One Bedroom,-,..,..,..,..,..
SW1H,Two Bedrooms,-,..,..,..,..,..
SW1H,Three Bedrooms,0,.,.,.,.,.
SW1H,Four or More Bedrooms,0,.,.,.,.,.
SW1P,Room,0,.,.,.,.,.
SW1P,Studio,10,"1,435","1,224","1,235","1,384","1,614"
SW1P,One Bedroom,30,"1,751","1,538","1,625","1,820","1,885"
SW1P,Two Bedrooms,50,"2,847","2,145","2,167","2,405","2,752"
SW1P,Three Bedrooms,20,"3,630","3,231","3,315","3,489","3,900"
SW1P,Four or More Bedrooms,-,..,..,..,..,..
SW1V,Room,0,.,.,.,.,.
SW1V,Studio,10,"1,169","1,104","1,150","1,164","1,219"
SW1V,One Bedroom,90,"1,939","1,582","1,625","1,787","1,950"
SW1V,Two Bedrooms,90,"2,391","2,015","2,058","2,178","2,557"
SW1V,Three Bedrooms,40,"3,184","2,524","2,708","3,006","3,423"
SW1V,Four or More Bedrooms,10,"6,965","5,001","5,090","6,674","7,583"
SW1W,Room,0,.,.,.,.,.
SW1W,Studio,10,"1,404","1,408","1,408","1,452","1,495"
SW1W,One Bedroom,30,"2,503","1,482","1,625","2,000","2,687"
SW1W,Two Bedrooms,40,"3,217","2,600","2,708","3,033","3,792"
SW1W,Three Bedrooms,10,"5,246","3,943","3,943","5,200","5,525"
SW1W,Four or More Bedrooms,10,"12,347","7,746","8,667","13,542","15,967"
SW1X,Room,0,.,.,.,.,.
SW1X,Studio,-,..,..,..,..,..
SW1X,One Bedroom,10,"2,170","1,733","1,811","2,145","2,275"
SW1X,Two Bedrooms,10,"4,627","3,575","3,575","4,550","5,200"
SW1X,Three Bedrooms,10,"6,175","4,767","4,767","5,200","6,500"
SW1X,Four or More Bedrooms,10,"8,186","5,498","5,498","6,067","13,867"
SW1Y,Room,0,.,.,.,.,.
SW1Y,Studio,0,.,.,.,.,.
SW1Y,One Bedroom,-,..,..,..,..,..
SW1Y,Two Bedrooms,-,..,..,..,..,..
SW1Y,Three Bedrooms,0,.,.,.,.,.
SW1Y,Four or More Bedrooms,0,.,.,.,.,.
SW2,Room,0,.,.,.,.,.
SW2,Studio,-,..,..,..,..,..
SW2,One Bedroom,30,"1,295","1,148","1,150","1,250","1,450"
SW2,Two Bedrooms,90,"1,620","1,490","1,500","1,565","1,751"
SW2,Three Bedrooms,20,"2,174","1,799","1,850","2,134","2,492"
SW2,Four or More Bedrooms,20,"2,900","2,535","2,600","3,160","3,337"
SW20,Room,0,.,.,.,.,.
SW20,Studio,-,..,..,..,..,..
SW20,One Bedroom,70,"1,201","1,100","1,150","1,200","1,300"
SW20,Two Bedrooms,80,"1,686","1,350","1,400","1,475","1,650"
SW20,Three Bedrooms,40,"2,023","1,815","1,850","1,998","2,150"
SW20,Four or More Bedrooms,40,"3,047","2,600","2,650","2,750","3,150"
SW3,Room,-,..,..,..,..,..
SW3,Studio,80,"1,388","1,235","1,257","1,365","1,517"
SW3,One Bedroom,180,"2,037","1,712","1,750","1,950","2,232"
SW3,Two Bedrooms,160,"3,037","2,462","2,492","2,850","3,467"
SW3,Three Bedrooms,50,"5,156","3,686","3,792","4,333","6,478"
SW3,Four or More Bedrooms,30,"9,649","6,283","6,500","8,883","13,371"
SW4,Room,0,.,.,.,.,.
SW4,Studio,10,"1,150",975,975,"1,213","1,300"
SW4,One Bedroom,120,"1,526","1,400","1,413","1,500","1,648"
SW4,Two Bedrooms,220,"1,868","1,650","1,660","1,798","2,050"
SW4,Three Bedrooms,90,"2,305","2,000","2,050","2,315","2,600"
SW4,Four or More Bedrooms,50,"3,556","3,000","3,033","3,400","3,880"
SW5,Room,0,.,.,.,.,.
SW5,Studio,10,"1,393","1,300","1,300","1,300","1,443"
SW5,One Bedroom,40,"1,875","1,690","1,733","1,885","2,015"
SW5,Two Bedrooms,80,"2,729","2,053","2,100","2,362","2,925"
SW5,Three Bedrooms,10,"3,631","2,510","2,510","3,900","4,550"
SW5,Four or More Bedrooms,10,"5,995","4,469","4,469","6,037","6,721"
SW6,Room,0,.,.,.,.,.
SW6,Studio,20,"1,170",963,"1,013","1,192","1,350"
SW6,One Bedroom,240,"1,530","1,264","1,300","1,500","1,694"
SW6,Two Bedrooms,260,"2,009","1,700","1,750","1,950","2,249"
SW6,Three Bedrooms,120,"2,870","2,301","2,401","2,800","3,250"
SW6,Four or More Bedrooms,110,"4,883","3,650","3,783","4,225","5,612"
SW7,Room,0,.,.,.,.,.
SW7,Studio,20,"1,494","1,343","1,452","1,517","1,712"
SW7,One Bedroom,60,"2,374","1,860","1,950","2,253","2,672"
SW7,Two Bedrooms,100,"3,247","2,448","2,500","2,828","3,467"
SW7,Three Bedrooms,30,"5,434","3,358","3,467","4,117","7,367"
SW7,Four or More Bedrooms,20,"7,534","4,600","5,200","8,051","8,927"
SW8,Room,0,.,.,.,.,.
SW8,Studio,20,"1,472","1,300","1,350","1,591","1,643"
SW8,One Bedroom,90,"1,750","1,560","1,625","1,794","1,915"
SW8,Two Bedrooms,120,"2,023","1,700","1,733","1,995","2,383"
SW8,Three Bedrooms,50,"2,807","2,208","2,300","2,677","3,488"
SW8,Four or More Bedrooms,10,"3,202","2,595","2,710","3,405","3,863"
SW9,Room,-,..,..,..,..,..
SW9,Studio,10,906,780,800,930,973
SW9,One Bedroom,30,"1,429","1,375","1,400","1,450","1,500"
SW9,Two Bedrooms,30,"1,681","1,500","1,600","1,668","1,875"
SW9,Three Bedrooms,20,"2,331","1,900","1,950","2,250","2,600"
SW9,Four or More Bedrooms,10,"3,343","3,250","3,250","3,313","3,467"
SW95,Room,0,.,.,.,.,.
SW95,Studio,0,.,.,.,.,.
SW95,One Bedroom,0,.,.,.,.,.
SW95,Two Bedrooms,0,.,.,.,.,.
SW95,Three Bedrooms,0,.,.,.,.,.
SW95,Four or More Bedrooms,0,.,.,.,.,.
SW99,Room,0,.,.,.,.,.
SW99,Studio,0,.,.,.,.,.
SW99,One Bedroom,0,.,.,.,.,.
SW99,Two Bedrooms,0,.,.,.,.,.
SW99,Three Bedrooms,0,.,.,.,.,.
SW99,Four or More Bedrooms,0,.,.,.,.,.
TN14,Room,0,.,.,.,.,.
TN14,Studio,0,.,.,.,.,.
TN14,One Bedroom,0,.,.,.,.,.
TN14,Two Bedrooms,0,.,.,.,.,.
TN14,Three Bedrooms,0,.,.,.,.,.
TN14,Four or More Bedrooms,-,..,..,..,..,..
TN16,Room,0,.,.,.,.,.
TN16,Studio,0,.,.,.,.,.
TN16,One Bedroom,-,..,..,..,..,..
TN16,Two Bedrooms,10,"1,249","1,250","1,250","1,258","1,300"
TN16,Three Bedrooms,-,..,..,..,..,..
TN16,Four or More Bedrooms,10,"2,019","1,600","1,600","1,625","1,650"
TW1,Room,0,.,.,.,.,.
TW1,Studio,10,882,750,797,900,"1,025"
TW1,One Bedroom,80,"1,210","1,100","1,111","1,200","1,325"
TW1,Two Bedrooms,90,"1,576","1,350","1,395","1,586","1,700"
TW1,Three Bedrooms,20,"2,368","1,600","1,650","2,200","2,695"
TW1,Four or More Bedrooms,20,"3,681","2,600","2,950","3,500","4,500"
TW10,Room,-,..,..,..,..,..
TW10,Studio,-,..,..,..,..,..
TW10,One Bedroom,30,"1,295","1,100","1,150","1,275","1,375"
TW10,Two Bedrooms,90,"1,914","1,521","1,584","1,800","2,050"
TW10,Three Bedrooms,30,"2,274","1,750","1,750","2,150","2,868"
TW10,Four or More Bedrooms,10,"3,947","2,900","2,950","3,250","5,665"
TW11,Room,0,.,.,.,.,.
TW11,Studio,-,..,..,..,..,..
TW11,One Bedroom,10,"1,091",975,975,"1,000","1,125"
TW11,Two Bedrooms,20,"1,452","1,275","1,425","1,475","1,615"
TW11,Three Bedrooms,-,..,..,..,..,..
TW11,Four or More Bedrooms,-,..,..,..,..,..
TW12,Room,0,.,.,.,.,.
TW12,Studio,-,..,..,..,..,..
TW12,One Bedroom,10,"1,084","1,000","1,025","1,050","1,150"
TW12,Two Bedrooms,10,"1,353","1,300","1,300","1,363","1,400"
TW12,Three Bedrooms,10,"1,706","1,500","1,550","1,688","1,888"
TW12,Four or More Bedrooms,-,..,..,..,..,..
TW13,Room,-,..,..,..,..,..
TW13,Studio,10,764,775,775,775,775
TW13,One Bedroom,50,972,950,950,"1,000","1,023"
TW13,Two Bedrooms,80,"1,228","1,150","1,150","1,250","1,285"
TW13,Three Bedrooms,40,"1,405","1,325","1,350","1,450","1,500"
TW13,Four or More Bedrooms,10,"1,544","1,450","1,500","1,550","1,650"
TW14,Room,-,..,..,..,..,..
TW14,Studio,10,778,750,750,750,800
TW14,One Bedroom,30,961,920,950,963,998
TW14,Two Bedrooms,50,"1,195","1,150","1,150","1,200","1,250"
TW14,Three Bedrooms,40,"1,451","1,370","1,385","1,450","1,550"
TW14,Four or More Bedrooms,10,"1,675","1,550","1,550","1,575","1,800"
TW15,Room,0,.,.,.,.,.
TW15,Studio,0,.,.,.,.,.
TW15,One Bedroom,0,.,.,.,.,.
TW15,Two Bedrooms,0,.,.,.,.,.
TW15,Three Bedrooms,0,.,.,.,.,.
TW15,Four or More Bedrooms,0,.,.,.,.,.
TW19,Room,0,.,.,.,.,.
TW19,Studio,0,.,.,.,.,.
TW19,One Bedroom,0,.,.,.,.,.
TW19,Two Bedrooms,0,.,.,.,.,.
TW19,Three Bedrooms,0,.,.,.,.,.
TW19,Four or More Bedrooms,0,.,.,.,.,.
TW2,Room,0,.,.,.,.,.
TW2,Studio,10,865,825,825,850,950
TW2,One Bedroom,20,"1,091",950,975,"1,086","1,198"
TW2,Two Bedrooms,50,"1,361","1,200","1,250","1,300","1,500"
TW2,Three Bedrooms,50,"1,726","1,500","1,550","1,695","1,825"
TW2,Four or More Bedrooms,20,"2,360","2,095","2,100","2,240","2,750"
TW3,Room,20,583,500,550,550,668
TW3,Studio,40,813,750,750,800,900
TW3,One Bedroom,90,"1,050",950,975,"1,050","1,100"
TW3,Two Bedrooms,150,"1,253","1,175","1,200","1,250","1,350"
TW3,Three Bedrooms,50,"1,587","1,500","1,550","1,625","1,695"
TW3,Four or More Bedrooms,20,"1,972","1,800","1,850","1,900","2,100"
TW4,Room,-,..,..,..,..,..
TW4,Studio,10,733,700,700,738,750
TW4,One Bedroom,30,986,900,925,950,"1,095"
TW4,Two Bedrooms,40,"1,231","1,150","1,150","1,250","1,300"
TW4,Three Bedrooms,50,"1,636","1,575","1,595","1,650","1,700"
TW4,Four or More Bedrooms,10,"1,892","1,750","1,775","1,800","2,200"
TW5,Room,20,575,500,542,550,667
TW5,Studio,20,755,650,675,763,850
TW5,One Bedroom,20,"1,006",925,925,"1,000","1,050"
TW5,Two Bedrooms,60,"1,237","1,200","1,200","1,250","1,275"
TW5,Three Bedrooms,40,"1,585","1,413","1,450","1,600","1,700"
TW5,Four or More Bedrooms,30,"1,795","1,600","1,650","1,700","1,900"
TW6,Room,0,.,.,.,.,.
TW6,Studio,0,.,.,.,.,.
TW6,One Bedroom,0,.,.,.,.,.
TW6,Two Bedrooms,0,.,.,.,.,.
TW6,Three Bedrooms,0,.,.,.,.,.
TW6,Four or More Bedrooms,0,.,.,.,.,.
TW7,Room,10,656,625,650,663,688
TW7,Studio,20,818,775,800,825,850
TW7,One Bedroom,70,"1,089","1,025","1,050","1,100","1,150"
TW7,Two Bedrooms,140,"1,341","1,250","1,250","1,338","1,400"
TW7,Three Bedrooms,60,"1,644","1,495","1,500","1,600","1,795"
TW7,Four or More Bedrooms,20,"2,113","1,800","1,850","2,100","2,300"
TW8,Room,-,..,..,..,..,..
TW8,Studio,10,864,750,800,800,925
TW8,One Bedroom,110,"1,242","1,100","1,150","1,250","1,375"
TW8,Two Bedrooms,100,"1,595","1,363","1,420","1,585","1,750"
TW8,Three Bedrooms,60,"1,967","1,650","1,675","1,850","2,383"
TW8,Four or More Bedrooms,10,"2,726","2,643","2,700","2,752","2,925"
TW9,Room,-,..,..,..,..,..
TW9,Studio,10,921,736,800,950,"1,075"
TW9,One Bedroom,80,"1,363","1,250","1,250","1,296","1,400"
TW9,Two Bedrooms,130,"1,691","1,500","1,500","1,649","1,800"
TW9,Three Bedrooms,20,"2,246","1,773","1,897","2,250","2,535"
TW9,Four or More Bedrooms,10,"3,379","2,600","3,500","3,500","4,000"
UB1,Room,-,..,..,..,..,..
UB1,Studio,-,..,..,..,..,..
UB1,One Bedroom,-,..,..,..,..,..
UB1,Two Bedrooms,10,"1,226","1,120","1,120","1,260","1,300"
UB1,Three Bedrooms,10,"1,482","1,250","1,400","1,500","1,650"
UB1,Four or More Bedrooms,-,..,..,..,..,..
UB10,Room,10,428,383,383,383,400
UB10,Studio,10,764,735,743,778,800
UB10,One Bedroom,50,"1,013",920,950,995,"1,150"
UB10,Two Bedrooms,90,"1,285","1,200","1,200","1,275","1,375"
UB10,Three Bedrooms,100,"1,385","1,230","1,257","1,350","1,500"
UB10,Four or More Bedrooms,40,"2,220","1,800","1,825","2,000","2,300"
UB11,Room,0,.,.,.,.,.
UB11,Studio,0,.,.,.,.,.
UB11,One Bedroom,0,.,.,.,.,.
UB11,Two Bedrooms,0,.,.,.,.,.
UB11,Three Bedrooms,0,.,.,.,.,.
UB11,Four or More Bedrooms,0,.,.,.,.,.
UB18,Room,0,.,.,.,.,.
UB18,Studio,0,.,.,.,.,.
UB18,One Bedroom,0,.,.,.,.,.
UB18,Two Bedrooms,0,.,.,.,.,.
UB18,Three Bedrooms,0,.,.,.,.,.
UB18,Four or More Bedrooms,0,.,.,.,.,.
UB2,Room,0,.,.,.,.,.
UB2,Studio,0,.,.,.,.,.
UB2,One Bedroom,10,938,850,850,925,"1,025"
UB2,Two Bedrooms,10,"1,215","1,100","1,150","1,273","1,300"
UB2,Three Bedrooms,-,..,..,..,..,..
UB2,Four or More Bedrooms,-,..,..,..,..,..
UB3,Room,-,..,..,..,..,..
UB3,Studio,30,860,800,800,850,935
UB3,One Bedroom,130,"1,179",980,995,"1,285","1,335"
UB3,Two Bedrooms,130,"1,443","1,400","1,415","1,460","1,525"
UB3,Three Bedrooms,20,"1,649","1,475","1,500","1,550","2,010"
UB3,Four or More Bedrooms,-,..,..,..,..,..
UB4,Room,0,.,.,.,.,.
UB4,Studio,10,745,700,700,700,725
UB4,One Bedroom,10,"1,006",935,943,988,"1,050"
UB4,Two Bedrooms,20,"1,178","1,119","1,150","1,200","1,200"
UB4,Three Bedrooms,20,"1,466","1,400","1,425","1,475","1,525"
UB4,Four or More Bedrooms,-,..,..,..,..,..
UB5,Room,0,.,.,.,.,.
UB5,Studio,-,..,..,..,..,..
UB5,One Bedroom,30,983,950,950,975,"1,000"
UB5,Two Bedrooms,20,"1,256","1,175","1,200","1,275","1,300"
UB5,Three Bedrooms,10,"1,529","1,400","1,450","1,500","1,600"
UB5,Four or More Bedrooms,-,..,..,..,..,..
UB6,Room,10,535,500,500,525,550
UB6,Studio,-,..,..,..,..,..
UB6,One Bedroom,30,"1,120",995,"1,025","1,148","1,200"
UB6,Two Bedrooms,20,"1,274","1,200","1,200","1,250","1,350"
UB6,Three Bedrooms,20,"1,605","1,550","1,550","1,583","1,675"
UB6,Four or More Bedrooms,10,"1,960","1,850","1,850","2,000","2,100"
UB7,Room,-,..,..,..,..,..
UB7,Studio,30,699,680,695,715,750
UB7,One Bedroom,90,"1,033",925,960,"1,070","1,100"
UB7,Two Bedrooms,120,"1,252","1,200","1,200","1,275","1,350"
UB7,Three Bedrooms,40,"1,484","1,300","1,395","1,495","1,600"
UB7,Four or More Bedrooms,10,"1,944","1,725","1,750","1,900","2,200"
UB8,Room,10,586,563,563,588,630
UB8,Studio,50,838,700,725,795,"1,000"
UB8,One Bedroom,130,"1,026",925,950,"1,000","1,100"
UB8,Two Bedrooms,140,"1,247","1,170","1,200","1,250","1,325"
UB8,Three Bedrooms,40,"1,476","1,375","1,400","1,450","1,600"
UB8,Four or More Bedrooms,50,"1,900","1,650","1,700","1,850","2,100"
UB9,Room,0,.,.,.,.,.
UB9,Studio,0,.,.,.,.,.
UB9,One Bedroom,-,..,..,..,..,..
UB9,Two Bedrooms,10,"1,204","1,150","1,150","1,200","1,250"
UB9,Three Bedrooms,10,"1,465","1,375","1,375","1,500","1,500"
UB9,Four or More Bedrooms,-,..,..,..,..,..
W1,Room,0,.,.,.,.,.
W1,Studio,0,.,.,.,.,.
W1,One Bedroom,0,.,.,.,.,.
W1,Two Bedrooms,0,.,.,.,.,.
W1,Three Bedrooms,0,.,.,.,.,.
W1,Four or More Bedrooms,0,.,.,.,.,.
W10,Room,0,.,.,.,.,.
W10,Studio,-,..,..,..,..,..
W10,One Bedroom,20,"1,578","1,334","1,376","1,583","1,820"
W10,Two Bedrooms,20,"2,510","1,950","2,037","2,351","3,011"
W10,Three Bedrooms,20,"4,322","2,600","2,730","3,400","5,417"
W10,Four or More Bedrooms,10,"3,847","1,900","1,900","2,210","2,665"
W11,Room,-,..,..,..,..,..
W11,Studio,10,"1,508","1,452","1,452","1,500","1,625"
W11,One Bedroom,60,"1,928","1,500","1,580","1,733","2,058"
W11,Two Bedrooms,80,"2,863","2,145","2,167","2,492","3,211"
W11,Three Bedrooms,30,"4,956","3,033","3,033","4,171","6,500"
W11,Four or More Bedrooms,10,"8,037","3,600","5,300","8,063","11,000"
W12,Room,-,..,..,..,..,..
W12,Studio,20,"1,227","1,049","1,050","1,125","1,300"
W12,One Bedroom,190,"1,479","1,274","1,298","1,350","1,517"
W12,Two Bedrooms,150,"1,944","1,473","1,516","1,699","2,150"
W12,Three Bedrooms,40,"2,463","2,000","2,058","2,275","2,578"
W12,Four or More Bedrooms,20,"3,454","2,817","2,900","3,200","3,900"
W13,Room,20,629,592,592,642,722
W13,Studio,20,901,825,850,888,997
W13,One Bedroom,170,"1,264","1,200","1,200","1,250","1,316"
W13,Two Bedrooms,220,"1,460","1,350","1,375","1,450","1,575"
W13,Three Bedrooms,80,"2,021","1,798","1,850","1,950","2,200"
W13,Four or More Bedrooms,40,"2,711","2,300","2,400","2,500","2,817"
W14,Room,0,.,.,.,.,.
W14,Studio,20,"1,236","1,170","1,170","1,196","1,278"
W14,One Bedroom,110,"1,573","1,400","1,408","1,517","1,647"
W14,Two Bedrooms,160,"2,078","1,733","1,755","1,902","2,167"
W14,Three Bedrooms,40,"3,191","2,350","2,401","2,698","3,293"
W14,Four or More Bedrooms,10,"4,562","2,600","2,730","4,250","6,717"
W1A,Room,0,.,.,.,.,.
W1A,Studio,0,.,.,.,.,.
W1A,One Bedroom,0,.,.,.,.,.
W1A,Two Bedrooms,0,.,.,.,.,.
W1A,Three Bedrooms,0,.,.,.,.,.
W1A,Four or More Bedrooms,0,.,.,.,.,.
W1B,Room,0,.,.,.,.,.
W1B,Studio,0,.,.,.,.,.
W1B,One Bedroom,-,..,..,..,..,..
W1B,Two Bedrooms,0,.,.,.,.,.
W1B,Three Bedrooms,0,.,.,.,.,.
W1B,Four or More Bedrooms,0,.,.,.,.,.
W1C,Room,0,.,.,.,.,.
W1C,Studio,0,.,.,.,.,.
W1C,One Bedroom,0,.,.,.,.,.
W1C,Two Bedrooms,0,.,.,.,.,.
W1C,Three Bedrooms,0,.,.,.,.,.
W1C,Four or More Bedrooms,0,.,.,.,.,.
W1D,Room,0,.,.,.,.,.
W1D,Studio,0,.,.,.,.,.
W1D,One Bedroom,0,.,.,.,.,.
W1D,Two Bedrooms,0,.,.,.,.,.
W1D,Three Bedrooms,-,..,..,..,..,..
W1D,Four or More Bedrooms,0,.,.,.,.,.
W1F,Room,0,.,.,.,.,.
W1F,Studio,0,.,.,.,.,.
W1F,One Bedroom,0,.,.,.,.,.
W1F,Two Bedrooms,0,.,.,.,.,.
W1F,Three Bedrooms,0,.,.,.,.,.
W1F,Four or More Bedrooms,0,.,.,.,.,.
W1G,Room,0,.,.,.,.,.
W1G,Studio,0,.,.,.,.,.
W1G,One Bedroom,-,..,..,..,..,..
W1G,Two Bedrooms,-,..,..,..,..,..
W1G,Three Bedrooms,0,.,.,.,.,.
W1G,Four or More Bedrooms,0,.,.,.,.,.
W1H,Room,10,910,845,845,888,953
W1H,Studio,30,"1,489","1,326","1,408","1,531","1,753"
W1H,One Bedroom,100,"2,384","1,993","2,071","2,318","2,643"
W1H,Two Bedrooms,120,"3,420","2,817","2,882","3,185","3,913"
W1H,Three Bedrooms,30,"4,202","3,337","3,813","4,333","4,959"
W1H,Four or More Bedrooms,-,..,..,..,..,..
W1J,Room,0,.,.,.,.,.
W1J,Studio,0,.,.,.,.,.
W1J,One Bedroom,-,..,..,..,..,..
W1J,Two Bedrooms,-,..,..,..,..,..
W1J,Three Bedrooms,-,..,..,..,..,..
W1J,Four or More Bedrooms,0,.,.,.,.,.
W1K,Room,0,.,.,.,.,.
W1K,Studio,0,.,.,.,.,.
W1K,One Bedroom,-,..,..,..,..,..
W1K,Two Bedrooms,-,..,..,..,..,..
W1K,Three Bedrooms,0,.,.,.,.,.
W1K,Four or More Bedrooms,0,.,.,.,.,.
W1M,Room,0,.,.,.,.,.
W1M,Studio,0,.,.,.,.,.
W1M,One Bedroom,0,.,.,.,.,.
W1M,Two Bedrooms,0,.,.,.,.,.
W1M,Three Bedrooms,0,.,.,.,.,.
W1M,Four or More Bedrooms,0,.,.,.,.,.
W1N,Room,0,.,.,.,.,.
W1N,Studio,0,.,.,.,.,.
W1N,One Bedroom,0,.,.,.,.,.
W1N,Two Bedrooms,0,.,.,.,.,.
W1N,Three Bedrooms,0,.,.,.,.,.
W1N,Four or More Bedrooms,0,.,.,.,.,.
W1P,Room,0,.,.,.,.,.
W1P,Studio,0,.,.,.,.,.
W1P,One Bedroom,0,.,.,.,.,.
W1P,Two Bedrooms,0,.,.,.,.,.
W1P,Three Bedrooms,0,.,.,.,.,.
W1P,Four or More Bedrooms,0,.,.,.,.,.
W1R,Room,0,.,.,.,.,.
W1R,Studio,0,.,.,.,.,.
W1R,One Bedroom,0,.,.,.,.,.
W1R,Two Bedrooms,0,.,.,.,.,.
W1R,Three Bedrooms,0,.,.,.,.,.
W1R,Four or More Bedrooms,0,.,.,.,.,.
W1S,Room,0,.,.,.,.,.
W1S,Studio,0,.,.,.,.,.
W1S,One Bedroom,0,.,.,.,.,.
W1S,Two Bedrooms,0,.,.,.,.,.
W1S,Three Bedrooms,0,.,.,.,.,.
W1S,Four or More Bedrooms,0,.,.,.,.,.
W1T,Room,0,.,.,.,.,.
W1T,Studio,0,.,.,.,.,.
W1T,One Bedroom,10,"1,789","1,650","1,650","1,781","1,950"
W1T,Two Bedrooms,-,..,..,..,..,..
W1T,Three Bedrooms,0,.,.,.,.,.
W1T,Four or More Bedrooms,0,.,.,.,.,.
W1U,Room,-,..,..,..,..,..
W1U,Studio,20,"1,694","1,625","1,625","1,690","1,788"
W1U,One Bedroom,90,"2,568","2,383","2,383","2,577","2,773"
W1U,Two Bedrooms,60,"3,279","2,708","2,817","3,033","3,682"
W1U,Three Bedrooms,20,"5,074","3,467","3,770","4,312","5,037"
W1U,Four or More Bedrooms,-,..,..,..,..,..
W1V,Room,0,.,.,.,.,.
W1V,Studio,0,.,.,.,.,.
W1V,One Bedroom,0,.,.,.,.,.
W1V,Two Bedrooms,0,.,.,.,.,.
W1V,Three Bedrooms,0,.,.,.,.,.
W1V,Four or More Bedrooms,0,.,.,.,.,.
W1W,Room,0,.,.,.,.,.
W1W,Studio,0,.,.,.,.,.
W1W,One Bedroom,10,"2,611","1,842","1,842","1,842","3,683"
W1W,Two Bedrooms,-,..,..,..,..,..
W1W,Three Bedrooms,-,..,..,..,..,..
W1W,Four or More Bedrooms,0,.,.,.,.,.
W1X,Room,0,.,.,.,.,.
W1X,Studio,0,.,.,.,.,.
W1X,One Bedroom,0,.,.,.,.,.
W1X,Two Bedrooms,0,.,.,.,.,.
W1X,Three Bedrooms,0,.,.,.,.,.
W1X,Four or More Bedrooms,0,.,.,.,.,.
W1Y,Room,0,.,.,.,.,.
W1Y,Studio,0,.,.,.,.,.
W1Y,One Bedroom,0,.,.,.,.,.
W1Y,Two Bedrooms,0,.,.,.,.,.
W1Y,Three Bedrooms,0,.,.,.,.,.
W1Y,Four or More Bedrooms,0,.,.,.,.,.
W2,Room,-,..,..,..,..,..
W2,Studio,160,"1,247","1,213","1,213","1,213","1,213"
W2,One Bedroom,130,"1,861","1,500","1,517","1,690","2,015"
W2,Two Bedrooms,140,"2,680","2,058","2,185","2,492","2,882"
W2,Three Bedrooms,40,"4,677","3,033","3,445","4,117","5,850"
W2,Four or More Bedrooms,10,"8,053","5,417","5,417","7,150","11,700"
W3,Room,-,..,..,..,..,..
W3,Studio,20,934,802,802,898,"1,050"
W3,One Bedroom,60,"1,298","1,226","1,250","1,300","1,400"
W3,Two Bedrooms,90,"1,611","1,520","1,550","1,600","1,700"
W3,Three Bedrooms,50,"2,111","1,850","1,924","2,100","2,300"
W3,Four or More Bedrooms,40,"2,864","2,350","2,381","2,640","3,150"
W4,Room,10,687,551,551,613,650
W4,Studio,10,"1,056",975,975,"1,000","1,083"
W4,One Bedroom,70,"1,387","1,250","1,300","1,398","1,500"
W4,Two Bedrooms,120,"1,701","1,500","1,550","1,650","1,800"
W4,Three Bedrooms,40,"2,296","1,899","1,900","2,123","2,686"
W4,Four or More Bedrooms,30,"4,032","2,708","2,960","3,975","5,000"
W5,Room,80,820,720,742,792,942
W5,Studio,50,944,825,887,925,"1,050"
W5,One Bedroom,290,"1,284","1,148","1,178","1,275","1,400"
W5,Two Bedrooms,390,"1,636","1,400","1,425","1,500","1,800"
W5,Three Bedrooms,140,"2,106","1,750","1,800","1,998","2,200"
W5,Four or More Bedrooms,90,"3,075","2,400","2,400","2,600","3,500"
W6,Room,-,..,..,..,..,..
W6,Studio,50,"1,025",934,950,"1,000","1,100"
W6,One Bedroom,90,"1,372","1,172","1,200","1,320","1,517"
W6,Two Bedrooms,60,"1,877","1,613","1,661","1,799","2,101"
W6,Three Bedrooms,50,"2,567","2,199","2,275","2,400","2,850"
W6,Four or More Bedrooms,10,"4,098","3,402","3,402","3,683","4,550"
W7,Room,-,..,..,..,..,..
W7,Studio,-,..,..,..,..,..
W7,One Bedroom,50,"1,151","1,100","1,100","1,150","1,225"
W7,Two Bedrooms,60,"1,327","1,250","1,275","1,364","1,450"
W7,Three Bedrooms,20,"1,819","1,650","1,677","1,700","1,895"
W7,Four or More Bedrooms,20,"2,241","1,950","1,950","2,200","2,301"
W8,Room,0,.,.,.,.,.
W8,Studio,20,"1,162","1,029","1,040","1,138","1,285"
W8,One Bedroom,90,"2,205","1,842","1,863","2,044","2,383"
W8,Two Bedrooms,120,"3,401","2,600","2,708","3,033","3,683"
W8,Three Bedrooms,60,"5,026","4,550","4,550","4,606","4,810"
W8,Four or More Bedrooms,10,"7,479","4,929","5,742","6,934","9,642"
W9,Room,0,.,.,.,.,.
W9,Studio,0,.,.,.,.,.
W9,One Bedroom,20,"1,541","1,300","1,300","1,500","1,842"
W9,Two Bedrooms,30,"2,244","2,100","2,145","2,298","2,500"
W9,Three Bedrooms,10,"3,070","2,450","2,450","2,626","3,900"
W9,Four or More Bedrooms,-,..,..,..,..,..
WC1A,Room,0,.,.,.,.,.
WC1A,Studio,0,.,.,.,.,.
WC1A,One Bedroom,0,.,.,.,.,.
WC1A,Two Bedrooms,10,"2,186","2,150","2,150","2,178","2,275"
WC1A,Three Bedrooms,-,..,..,..,..,..
WC1A,Four or More Bedrooms,0,.,.,.,.,.
WC1B,Room,0,.,.,.,.,.
WC1B,Studio,0,.,.,.,.,.
WC1B,One Bedroom,10,"2,291","2,232","2,232","2,383","2,383"
WC1B,Two Bedrooms,10,"2,955","2,893","2,903","2,968","3,155"
WC1B,Three Bedrooms,-,..,..,..,..,..
WC1B,Four or More Bedrooms,-,..,..,..,..,..
WC1E,Room,0,.,.,.,.,.
WC1E,Studio,-,..,..,..,..,..
WC1E,One Bedroom,30,"2,216","2,023","2,026","2,102","2,362"
WC1E,Two Bedrooms,40,"2,608","2,405","2,431","2,548","2,843"
WC1E,Three Bedrooms,10,"4,021","3,754","3,754","3,987","4,117"
WC1E,Four or More Bedrooms,0,.,.,.,.,.
WC1H,Room,0,.,.,.,.,.
WC1H,Studio,-,..,..,..,..,..
WC1H,One Bedroom,10,"1,437","1,320","1,380","1,398","1,513"
WC1H,Two Bedrooms,-,..,..,..,..,..
WC1H,Three Bedrooms,-,..,..,..,..,..
WC1H,Four or More Bedrooms,0,.,.,.,.,.
WC1N,Room,0,.,.,.,.,.
WC1N,Studio,0,.,.,.,.,.
WC1N,One Bedroom,-,..,..,..,..,..
WC1N,Two Bedrooms,-,..,..,..,..,..
WC1N,Three Bedrooms,0,.,.,.,.,.
WC1N,Four or More Bedrooms,0,.,.,.,.,.
WC1R,Room,0,.,.,.,.,.
WC1R,Studio,0,.,.,.,.,.
WC1R,One Bedroom,-,..,..,..,..,..
WC1R,Two Bedrooms,-,..,..,..,..,..
WC1R,Three Bedrooms,0,.,.,.,.,.
WC1R,Four or More Bedrooms,0,.,.,.,.,.
WC1V,Room,0,.,.,.,.,.
WC1V,Studio,0,.,.,.,.,.
WC1V,One Bedroom,0,.,.,.,.,.
WC1V,Two Bedrooms,0,.,.,.,.,.
WC1V,Three Bedrooms,0,.,.,.,.,.
WC1V,Four or More Bedrooms,0,.,.,.,.,.
WC1X,Room,0,.,.,.,.,.
WC1X,Studio,-,..,..,..,..,..
WC1X,One Bedroom,-,..,..,..,..,..
WC1X,Two Bedrooms,-,..,..,..,..,..
WC1X,Three Bedrooms,-,..,..,..,..,..
WC1X,Four or More Bedrooms,0,.,.,.,.,.
WC2A,Room,0,.,.,.,.,.
WC2A,Studio,0,.,.,.,.,.
WC2A,One Bedroom,0,.,.,.,.,.
WC2A,Two Bedrooms,0,.,.,.,.,.
WC2A,Three Bedrooms,0,.,.,.,.,.
WC2A,Four or More Bedrooms,0,.,.,.,.,.
WC2B,Room,0,.,.,.,.,.
WC2B,Studio,0,.,.,.,.,.
WC2B,One Bedroom,-,..,..,..,..,..
WC2B,Two Bedrooms,-,..,..,..,..,..
WC2B,Three Bedrooms,0,.,.,.,.,.
WC2B,Four or More Bedrooms,0,.,.,.,.,.
WC2E,Room,0,.,.,.,.,.
WC2E,Studio,-,..,..,..,..,..
WC2E,One Bedroom,-,..,..,..,..,..
WC2E,Two Bedrooms,-,..,..,..,..,..
WC2E,Three Bedrooms,0,.,.,.,.,.
WC2E,Four or More Bedrooms,0,.,.,.,.,.
WC2H,Room,0,.,.,.,.,.
WC2H,Studio,-,..,..,..,..,..
WC2H,One Bedroom,-,..,..,..,..,..
WC2H,Two Bedrooms,-,..,..,..,..,..
WC2H,Three Bedrooms,-,..,..,..,..,..
WC2H,Four or More Bedrooms,0,.,.,.,.,.
WC2N,Room,0,.,.,.,.,.
WC2N,Studio,0,.,.,.,.,.
WC2N,One Bedroom,-,..,..,..,..,..
WC2N,Two Bedrooms,0,.,.,.,.,.
WC2N,Three Bedrooms,0,.,.,.,.,.
WC2N,Four or More Bedrooms,0,.,.,.,.,.
WC2R,Room,0,.,.,.,.,.
WC2R,Studio,0,.,.,.,.,.
WC2R,One Bedroom,-,..,..,..,..,..
WC2R,Two Bedrooms,-,..,..,..,..,..
WC2R,Three Bedrooms,0,.,.,.,.,.
WC2R,Four or More Bedrooms,0,.,.,.,.,.
WC99,Room,0,.,.,.,.,.
WC99,Studio,0,.,.,.,.,.
WC99,One Bedroom,0,.,.,.,.,.
WC99,Two Bedrooms,0,.,.,.,.,.
WC99,Three Bedrooms,0,.,.,.,.,.
WC99,Four or More Bedrooms,0,.,.,.,.,.
WD2,Room,0,.,.,.,.,.
WD2,Studio,0,.,.,.,.,.
WD2,One Bedroom,0,.,.,.,.,.
WD2,Two Bedrooms,0,.,.,.,.,.
WD2,Three Bedrooms,0,.,.,.,.,.
WD2,Four or More Bedrooms,0,.,.,.,.,.
WD23,Room,0,.,.,.,.,.
WD23,Studio,0,.,.,.,.,.
WD23,One Bedroom,0,.,.,.,.,.
WD23,Two Bedrooms,0,.,.,.,.,.
WD23,Three Bedrooms,0,.,.,.,.,.
WD23,Four or More Bedrooms,0,.,.,.,.,.
WD3,Room,0,.,.,.,.,.
WD3,Studio,0,.,.,.,.,.
WD3,One Bedroom,0,.,.,.,.,.
WD3,Two Bedrooms,0,.,.,.,.,.
WD3,Three Bedrooms,0,.,.,.,.,.
WD3,Four or More Bedrooms,0,.,.,.,.,.
WD6,Room,0,.,.,.,.,.
WD6,Studio,0,.,.,.,.,.
WD6,One Bedroom,0,.,.,.,.,.
WD6,Two Bedrooms,0,.,.,.,.,.
WD6,Three Bedrooms,0,.,.,.,.,.
WD6,Four or More Bedrooms,0,.,.,.,.,.
Source: VOA’s administrative database as at December 2020,,,,,,,
,,,,,,,
Table notes,,,,,,,
All averages and measures are expressed in £ values and rounded to the nearest £1.,,,,,,,
Counts are rounded to the nearest 10.,,,,,,,
Statistics derived from fewer than five observations have been suppressed and denoted by '-'.,,,,,,,
Values denoted by '.'  are not applicable.,,,,,,,
Values denoted by '..' are not available.,,,,,,,
,,,,,,,
,,,,,,,
Please note,,,,,,,
The sample used to produce these statistics is not statistical and may not be consistent over time as such these data should not be compared across time periods or between areas.,,,,,,,
,,,,,,,
,,,,,,,
Housing Benefit claimants are not included in the sample.,,,,,,,
,,,,,,,
"Room - non self-contained single room with shared facilities. Includes bedsits, single rooms in a house or flat shared with other tenants, and single rooms rented from a resident landlord.",,,,,,,
,,,,,,,
Studio - self-contained single roomed property with own kitchen and bath/shower/WC facilities.,,,,,,,
,,,,,,,
"One Bedroom - self-contained properties with one bedroom including houses, bungalows, flats and maisonettes.",,,,,,,
,,,,,,,
"Two Bedrooms - self-contained properties with two bedrooms including houses, bungalows, flats and maisonettes.",,,,,,,
,,,,,,,
"Three Bedrooms - self-contained properties with three bedrooms including houses, bungalows, flats and maisonettes.",,,,,,,
,,,,,,,
"Four or more Bedrooms - self-contained properties with four or more bedrooms including houses, bungalows, flats and maisonettes.",,,,,,,
,,,,,,,
Mean - a measure of central tendency often referred to as the average. Given a series of values the arithmetic mean is calculated by summing all these values together and dividing by the count of these values.,,,,,,,
,,,,,,,
,,,,,,,
Median - when a series of numbers are arranged by order of magnitude the median represents the middle value. Where there is an even number of values the median is the mean of the two values closest to value in the centre of that distribution.,,,,,,,
,,,,,,,
,,,,,,,
Lower quartile - when a series of values are arranged by order of magnitude the lower quartile (or 25th percentile) is the value that splits the lowest 25 per cent of the data from the highest 75 per cent.,,,,,,,
,,,,,,,
,,,,,,,
Upper quartile - when a series of values are arranged by order of magnitude the upper quartile (or 75th percentile) is the value that splits the highest 25 per cent of the data from the lowest 75 per cent.,,,,,,,
,,,,,,,
,,,,,,,
30th percentile - when a series of values are arranged by size the 30th percentile) is the value that splits the lowest 30 per cent of the data from the highest 70 per cent.,,,,,,,
,,,,,,,
,,,,,,,
Back to Top,,,,,,,